lemma,clue,source
avoir,Posséder,bliss-authored
avoir,"Bien, patrimoine",bliss-authored
ese,"Direction, entre est et sud",bliss-authored
ese,Point de la rose des vents,bliss-authored
rire,S'esclaffer,bliss-authored
rire,Manifester sa gaieté,bliss-authored
ses,Adjectif possessif pluriel,bliss-authored
ses,"Les siens, à lui",bliss-authored
ère,"Époque, période",bliss-authored
ère,Grande division du temps,bliss-authored
savoir,Connaître,bliss-authored
savoir,"Érudition, science acquise",bliss-authored
sse,Terminaison du subjonctif imparfait,bliss-authored
sse,Suffixe de noms féminins,bliss-authored
ire,"Colère, en vieux français",bliss-authored
ire,Courroux,bliss-authored
es,"Existes, deuxième personne",bliss-authored
es,"Mi bémol, en allemand",bliss-authored
être,Exister,bliss-authored
être,Créature vivante,bliss-authored
se,Pronom réfléchi,bliss-authored
se,Particule pronominale,bliss-authored
aérer,Ventiler,bliss-authored
aérer,Renouveler l'atmosphère,bliss-authored
rai,Rayon de roue,bliss-authored
rai,Trait de lumière,bliss-authored
are,Cent mètres carrés,bliss-authored
are,Mesure agraire,bliss-authored
est,Point cardinal,bliss-authored
est,Là où le soleil se lève,bliss-authored
re,Note de musique,bliss-authored
re,Préfixe de répétition,bliss-authored
oser,Se risquer,bliss-authored
oser,Avoir l'audace,bliss-authored
ose,Prend un risque,bliss-authored
ose,Suffixe des sucres,bliss-authored
ras,Coupé très court,bliss-authored
ras,À fleur de peau,bliss-authored
ris,Abat blanc de veau,bliss-authored
ris,Pli qu'on prend à une voile,bliss-authored
les,Article défini pluriel,bliss-authored
les,Devant un nom au pluriel,bliss-authored
si,Note de musique,bliss-authored
si,"Condition, hypothèse",bliss-authored
ce,Adjectif démonstratif,bliss-authored
ce,Devant un nom masculin,bliss-authored
êta,Lettre grecque,bliss-authored
êta,Septième de l'alphabet grec,bliss-authored
été,Saison chaude,bliss-authored
été,La belle saison,bliss-authored
ir,Symbole de l'iridium,bliss-authored
ir,Fin des verbes du deuxième groupe,bliss-authored
aller,Se rendre quelque part,bliss-authored
aller,"Trajet, opposé au retour",bliss-authored
ter,"Trois fois, en musique",bliss-authored
ter,Redoublement d'un numéro,bliss-authored
et,Conjonction de coordination,bliss-authored
et,Lie deux mots,bliss-authored
ami,Camarade,bliss-authored
ami,Personne que l'on aime bien,bliss-authored
ste,Suffixe de métiers,bliss-authored
ste,Terminaison d'agent,bliss-authored
sas,Compartiment étanche,bliss-authored
sas,Petite pièce entre deux portes,bliss-authored
ar,Symbole de l'argon,bliss-authored
ar,"Gaz rare, en chimie",bliss-authored
en,Préposition de lieu,bliss-authored
en,"Pronom, j'en veux",bliss-authored
psi,Lettre grecque,bliss-authored
psi,Vingt-troisième de l'alphabet grec,bliss-authored
cet,Adjectif démonstratif,bliss-authored
cet,Précède un nom masculin,bliss-authored
II,Deux en chiffres romains,bliss-authored
II,Nombre romain,bliss-authored
ia,Sigle de l'intelligence artificielle,bliss-authored
ia,Cri de l'âne,bliss-authored
air,Gaz que l'on respire,bliss-authored
air,"Mélodie, chanson",bliss-authored
té,Équerre en T du dessinateur,bliss-authored
té,"La lettre T, prononcée",bliss-authored
suer,Transpirer,bliss-authored
suer,"Peiner, se donner du mal",bliss-authored
me,Pronom personnel,bliss-authored
me,"Complément, à moi",bliss-authored
ne,Adverbe de négation,bliss-authored
ne,Première partie d'une négation,bliss-authored
ci,Adverbe de lieu proche,bliss-authored
ci,Renforce un démonstratif,bliss-authored
sec,Sans humidité,bliss-authored
sec,Aride,bliss-authored
île,Terre entourée d'eau,bliss-authored
île,Terre isolée en mer,bliss-authored
ans,Années d'âge,bliss-authored
ans,Mesure du temps qui passe,bliss-authored
as,Carte maîtresse au jeu,bliss-authored
as,"Champion, virtuose",bliss-authored
ra,Roulement de tambour,bliss-authored
ra,Dieu-soleil des Égyptiens,bliss-authored
ene,Terminaison d'hydrocarbures,bliss-authored
ene,Suffixe chimique des alcènes,bliss-authored
ôter,Enlever,bliss-authored
ôter,Retirer,bliss-authored
ici,En ce lieu,bliss-authored
ici,À cet endroit,bliss-authored
ue,Sigle de l'Union européenne,bliss-authored
ue,Fin de mots féminins,bliss-authored
aïe,Cri de douleur,bliss-authored
aïe,Interjection de souffrance,bliss-authored
tri,"Sélection, classement",bliss-authored
tri,Action de séparer,bliss-authored
lire,Déchiffrer un écrit,bliss-authored
lire,Ancienne monnaie italienne,bliss-authored
rat,Rongeur,bliss-authored
rat,Animal des égouts,bliss-authored
user,Détériorer par l'usage,bliss-authored
user,Se servir de,bliss-authored
sa,Adjectif possessif féminin,bliss-authored
sa,"À elle, à lui",bliss-authored
pré,"Prairie, pâturage",bliss-authored
pré,Préfixe signifiant avant,bliss-authored
ti,Note de musique anglo-saxonne,bliss-authored
ti,"Petit, en créole",bliss-authored
sur,Au-dessus de,bliss-authored
sur,"Aigre, un peu acide",bliss-authored
dire,Exprimer par la parole,bliss-authored
dire,"Énoncer, déclarer",bliss-authored
pie,Oiseau bavard noir et blanc,bliss-authored
pie,Cheval à robe tachetée,bliss-authored
rue,Voie urbaine,bliss-authored
rue,Plante médicinale odorante,bliss-authored
cri,Éclat de voix,bliss-authored
cri,Clameur,bliss-authored
aa,Lave rugueuse hawaïenne,bliss-authored
aa,Type de coulée volcanique,bliss-authored
mer,Étendue d'eau salée,bliss-authored
mer,Vaste espace marin,bliss-authored
ta,Adjectif possessif féminin,bliss-authored
ta,À toi,bliss-authored
eut,"Posséda, au passé simple",bliss-authored
eut,Reçut jadis,bliss-authored
ria,Vallée envahie par la mer,bliss-authored
ria,"S'esclaffa, jadis",bliss-authored
oie,Oiseau de basse-cour,bliss-authored
oie,Palmipède de la ferme,bliss-authored
sc,Symbole du scandium,bliss-authored
sc,Abréviation de scène,bliss-authored
os,Pièce du squelette,bliss-authored
os,Difficulté imprévue,bliss-authored
âme,Principe spirituel,bliss-authored
âme,Siège de la vie intérieure,bliss-authored
mettre,"Placer, poser",bliss-authored
mettre,"Disposer, installer",bliss-authored
léa,Prénom féminin,bliss-authored
léa,"Fille aînée de Laban, dans la Bible",bliss-authored
eau,Liquide transparent,bliss-authored
eau,Ce qui coule du robinet,bliss-authored
ap,Abréviation d'appartement,bliss-authored
ap,Sigle de l'Assistance publique,bliss-authored
éli,Prénom masculin de la Bible,bliss-authored
éli,Grand prêtre qui éleva Samuel,bliss-authored
ni,Conjonction négative,bliss-authored
ni,Pas plus l'un que l'autre,bliss-authored
tas,Amoncellement,bliss-authored
tas,Grande quantité,bliss-authored
ca,Symbole du calcium,bliss-authored
ca,"Cela, en raccourci",bliss-authored
ns,Symbole de la nanoseconde,bliss-authored
ns,Durée très brève,bliss-authored
ils,Pronom pluriel masculin,bliss-authored
ils,"Eux, en sujet",bliss-authored
cr,Symbole du chrome,bliss-authored
cr,"Crédit, en comptabilité",bliss-authored
le,Article défini masculin,bliss-authored
le,Devant un nom masculin,bliss-authored
âne,Animal aux longues oreilles,bliss-authored
âne,Bête de somme têtue,bliss-authored
esse,Crochet en forme de S,bliss-authored
esse,Suffixe formant des féminins,bliss-authored
ost,Armée du Moyen Âge,bliss-authored
ost,Service militaire féodal,bliss-authored
raser,Tondre de très près,bliss-authored
raser,"Ennuyer, en langage familier",bliss-authored
iii,Trois en chiffres romains,bliss-authored
iii,"Nombre romain, entre II et IV",bliss-authored
tir,Action de lancer un projectile,bliss-authored
tir,Coup de feu,bliss-authored
faire,"Fabriquer, réaliser",bliss-authored
faire,"Accomplir, exécuter",bliss-authored
lie,Dépôt au fond du vin,bliss-authored
lie,"Rebut, bas-fond",bliss-authored
it,Sujet neutre anglais,bliss-authored
it,Fin de verbe à la troisième personne,bliss-authored
noé,Patriarche de l'arche,bliss-authored
noé,Constructeur biblique de l'arche,bliss-authored
atm,Ancienne unité de pression,bliss-authored
atm,"Pression atmosphérique, en symbole",bliss-authored
ge,Symbole du germanium,bliss-authored
ge,Élément chimique numéro 32,bliss-authored
roi,Souverain,bliss-authored
roi,"Monarque, chef d'État",bliss-authored
st,Abréviation de saint,bliss-authored
st,Devant le nom d'un canonisé,bliss-authored
rer,Train de banlieue parisienne,bliss-authored
rer,Métro express francilien (sigle),bliss-authored
dé,Cube à jouer,bliss-authored
dé,Protège-doigt de couturière,bliss-authored
parer,"Orner, embellir",bliss-authored
parer,Éviter un coup,bliss-authored
usa,Pays de l'Oncle Sam,bliss-authored
usa,Grande puissance nord-américaine,bliss-authored
art,"Peinture, sculpture, etc",bliss-authored
art,Expression du beau,bliss-authored
épier,Observer en cachette,bliss-authored
épier,Surveiller discrètement,bliss-authored
créer,Donner naissance à,bliss-authored
créer,"Concevoir, inventer",bliss-authored
cep,Pied de vigne,bliss-authored
cep,Souche portant le raisin,bliss-authored
mi,Troisième note de la gamme,bliss-authored
mi,Note entre ré et fa,bliss-authored
or,Métal précieux jaune,bliss-authored
or,Ce dont on fait les lingots,bliss-authored
pi,Lettre grecque,bliss-authored
pi,"Rapport du cercle, 3,14",bliss-authored
CC,Copie conforme,bliss-authored
CC,"Centimètre cube, en abrégé",bliss-authored
nne,Finale de nombreux féminins,bliss-authored
nne,Double N suivi d'un E,bliss-authored
errer,Aller sans but,bliss-authored
errer,Vagabonder çà et là,bliss-authored
soi,Sa propre personne,bliss-authored
soi,Pronom réfléchi,bliss-authored
am,"Matin, en anglais",bliss-authored
am,Modulation d'amplitude (sigle),bliss-authored
an,Période de douze mois,bliss-authored
an,Tour complet du calendrier,bliss-authored
au,"Article contracté, à le",bliss-authored
au,Symbole chimique de l'or,bliss-authored
ps,Ajout en fin de lettre,bliss-authored
ps,Parti de gauche (sigle),bliss-authored
ail,Condiment à gousses,bliss-authored
ail,Plante potagère odorante,bliss-authored
sso,Identification unique (sigle informatique),bliss-authored
sso,Groupe de trois lettres,bliss-authored
crier,"Hurler, vociférer",bliss-authored
crier,Appeler très fort,bliss-authored
pouvoir,Avoir la capacité de,bliss-authored
pouvoir,"Autorité, puissance",bliss-authored
na,Symbole du sodium,bliss-authored
na,Exclamation de défi enfantin,bliss-authored
arc,Arme à flèches,bliss-authored
arc,Portion de courbe,bliss-authored
lier,Unir solidement,bliss-authored
lier,"Nouer, attacher",bliss-authored
li,Symbole du lithium,bliss-authored
li,Mesure de distance chinoise,bliss-authored
us,Coutumes établies,bliss-authored
us,Manières traditionnelles,bliss-authored
ode,Poème lyrique,bliss-authored
ode,Chant à la gloire d'un héros,bliss-authored
cas,"Situation, circonstance",bliss-authored
cas,Affaire soumise au juge,bliss-authored
car,Autobus de tourisme,bliss-authored
car,Véhicule scolaire,bliss-authored
mie,Partie molle du pain,bliss-authored
mie,"Bien-aimée, en poésie",bliss-authored
uc,Cœur d'un ordinateur (sigle),bliss-authored
uc,"Unité de compte, en abrégé",bliss-authored
ur,Cité antique de Sumer,bliss-authored
ur,Ville d'Abraham,bliss-authored
peser,Mesurer la masse,bliss-authored
peser,Avoir tel poids,bliss-authored
renaître,Revivre après la mort,bliss-authored
renaître,Reprendre vie,bliss-authored
élire,Choisir par un vote,bliss-authored
élire,Désigner par scrutin,bliss-authored
tirer,Faire feu,bliss-authored
tirer,Amener vers soi,bliss-authored
lis,Fleur royale de France,bliss-authored
lis,Emblème floral des Bourbons,bliss-authored
esp,"Espagne, en abrégé",bliss-authored
esp,Espérance de vie (abrév.),bliss-authored
ino,Fin de casino,bliss-authored
ino,Suffixe de diminutif italien,bliss-authored
ist,Infection transmissible (sigle),bliss-authored
ist,Suffixe de profession,bliss-authored
une,Première page du journal,bliss-authored
une,Article indéfini féminin,bliss-authored
ouïr,"Entendre, percevoir un son",bliss-authored
ouïr,"Écouter, jadis",bliss-authored
gel,Glace du petit matin,bliss-authored
gel,Substance semi-solide,bliss-authored
tuer,Ôter la vie,bliss-authored
tuer,Assassiner,bliss-authored
sac,Contenant à provisions,bliss-authored
sac,Bagage à main,bliss-authored
tic,Geste nerveux répété,bliss-authored
tic,Manie involontaire,bliss-authored
rare,Peu fréquent,bliss-authored
rare,Difficile à trouver,bliss-authored
il,Pronom masculin sujet,bliss-authored
il,Troisième personne du singulier,bliss-authored
in,À la mode (anglais),bliss-authored
in,"Branché, tendance",bliss-authored
no,"Non, en anglais",bliss-authored
no,"Numéro, en abrégé",bliss-authored
oc,"Langue du Midi, langue d'",bliss-authored
oc,Oui des troubadours,bliss-authored
élu,Choisi par le vote,bliss-authored
élu,Représentant du peuple,bliss-authored
pis,Mamelle de la vache,bliss-authored
pis,Encore plus mal,bliss-authored
âge,Nombre d'années vécues,bliss-authored
âge,Période de la vie,bliss-authored
las,"Fatigué, épuisé",bliss-authored
las,"Hélas, plaintif",bliss-authored
he,Symbole de l'hélium,bliss-authored
he,"Holà, interpellation",bliss-authored
tao,Voie spirituelle chinoise,bliss-authored
tao,Principe de Lao-tseu,bliss-authored
clé,Ouvre la serrure,bliss-authored
clé,Solution d'une énigme,bliss-authored
semer,Répandre des graines,bliss-authored
semer,Distancer un poursuivant,bliss-authored
puer,Sentir mauvais,bliss-authored
puer,Dégager une odeur infecte,bliss-authored
ma,Adjectif possessif féminin,bliss-authored
ma,"À moi, au féminin",bliss-authored
vi,Éditeur de texte Unix,bliss-authored
vi,"Six, en chiffres romains",bliss-authored
pas,Enjambée du marcheur,bliss-authored
pas,Adverbe de négation,bliss-authored
naître,Venir au monde,bliss-authored
naître,Commencer à exister,bliss-authored
DI,Cinq cent un en chiffres romains,bliss-authored
DI,"Dimanche, en abrégé",bliss-authored
yen,Monnaie du Japon,bliss-authored
yen,Devise nippone,bliss-authored
son,Bruit perçu par l'oreille,bliss-authored
son,Enveloppe du grain de blé,bliss-authored
spa,Station thermale (anglais),bliss-authored
spa,Ville d'eaux belge,bliss-authored
be,"Verbe être, en anglais",bliss-authored
be,"Belgique, sur Internet",bliss-authored
sn,Symbole de l'étain,bliss-authored
sn,Sénégal (code pays),bliss-authored
nid,Abri des oiseaux,bliss-authored
nid,Berceau des œufs,bliss-authored
taire,Ne rien dire,bliss-authored
taire,Passer sous silence,bliss-authored
gérer,"Administrer, diriger",bliss-authored
gérer,S'occuper des affaires,bliss-authored
cor,Instrument à vent,bliss-authored
cor,Durillon du pied,bliss-authored
tué,Mis à mort,bliss-authored
tué,Victime d'un meurtre,bliss-authored
aisé,Sans difficulté,bliss-authored
aisé,À l'abri du besoin,bliss-authored
fe,Symbole du fer,bliss-authored
fe,"Métal de l'hémoglobine, symbole",bliss-authored
rester,Demeurer sur place,bliss-authored
rester,Ne pas partir,bliss-authored
al,Symbole de l'aluminium,bliss-authored
al,Suffixe d'adjectif,bliss-authored
la,Article féminin singulier,bliss-authored
la,Note après le sol,bliss-authored
nu,Sans vêtements,bliss-authored
nu,Dépouillé de tout,bliss-authored
so,"Donc, en anglais",bliss-authored
so,"Ainsi, mot anglais",bliss-authored
âtre,Foyer de la cheminée,bliss-authored
âtre,Où brûle la bûche,bliss-authored
onu,Instance internationale (sigle),bliss-authored
onu,Organisation basée à New York (sigle),bliss-authored
oui,Réponse affirmative,bliss-authored
oui,Contraire de non,bliss-authored
trier,"Classer, séparer",bliss-authored
trier,Répartir par catégories,bliss-authored
voir,Distinguer par les yeux,bliss-authored
voir,Constater de ses yeux,bliss-authored
nia,Refusa d'admettre,bliss-authored
nia,Démentit énergiquement,bliss-authored
aimer,Éprouver de l'affection,bliss-authored
aimer,Chérir quelqu'un,bliss-authored
gré,Bon vouloir,bliss-authored
gré,"Guise, volonté",bliss-authored
cap,Pointe de terre dans la mer,bliss-authored
cap,Direction du navire,bliss-authored
raire,"Crier, pour le cerf",bliss-authored
raire,"Bramer, cri du cervidé",bliss-authored
vis,Tige filetée,bliss-authored
vis,Assemble deux pièces,bliss-authored
fer,Métal de la forge,bliss-authored
fer,Ce qu'on bat chaud,bliss-authored
isis,Déesse égyptienne,bliss-authored
isis,Épouse d'Osiris,bliss-authored
rtt,Réduction du temps de travail,bliss-authored
rtt,Jour de récupération du salarié,bliss-authored
tâter,Palper de la main,bliss-authored
tâter,Toucher pour évaluer,bliss-authored
hi,Rire dans un écrit,bliss-authored
hi,Onomatopée de l'hilarité,bliss-authored
pr,Titre universitaire abrégé,bliss-authored
pr,Devant le nom d'un enseignant,bliss-authored
ru,Petit cours d'eau,bliss-authored
ru,Filet d'eau qui coule,bliss-authored
scier,Couper le bois,bliss-authored
scier,Trancher à la lame dentée,bliss-authored
nos,Adjectif possessif pluriel,bliss-authored
nos,"À nous, au pluriel",bliss-authored
saper,Miner par la base,bliss-authored
saper,"Habiller, familièrement",bliss-authored
ita,"Pays de la botte, en abrégé",bliss-authored
ita,Code olympique transalpin,bliss-authored
prier,Implorer le ciel,bliss-authored
prier,Supplier avec ferveur,bliss-authored
lit,Meuble pour dormir,bliss-authored
lit,Où coule la rivière,bliss-authored
eh,Exclamation de surprise,bliss-authored
eh,Interjection d'interpellation,bliss-authored
mat,Sans éclat,bliss-authored
mat,Échec final au roi,bliss-authored
xe,Symbole du gaz xénon,bliss-authored
xe,Élément de la famille des gaz nobles,bliss-authored
ego,Le moi profond,bliss-authored
ego,Amour de soi,bliss-authored
éva,Prénom féminin,bliss-authored
éva,"Longoria, l'actrice",bliss-authored
oms,Organisation mondiale de la santé,bliss-authored
oms,"Agence de l'ONU, en sigle",bliss-authored
pan,Côté d'un mur,bliss-authored
pan,Bruit d'une détonation,bliss-authored
sire,Titre donné au roi,bliss-authored
sire,Un triste... individu,bliss-authored
erre,Vitesse résiduelle d'un bateau,bliss-authored
erre,Lancée d'un navire,bliss-authored
rio,"Fleuve, en espagnol",bliss-authored
rio,Ville brésilienne du Carnaval,bliss-authored
renier,Désavouer,bliss-authored
renier,Abjurer sa foi,bliss-authored
bi,Préfixe signifiant deux,bliss-authored
bi,"Deux fois, en préfixe",bliss-authored
orner,Décorer,bliss-authored
orner,Embellir,bliss-authored
pin,Arbre résineux,bliss-authored
pin,Conifère des Landes,bliss-authored
zen,Calme et serein,bliss-authored
zen,Bouddhisme japonais,bliss-authored
bts,Diplôme après le bac,bliss-authored
bts,Groupe de K-pop coréen,bliss-authored
tenir,Garder en main,bliss-authored
tenir,"Résister, durer",bliss-authored
id,"Idem, en abrégé",bliss-authored
id,Le ça freudien,bliss-authored
IV,Quatre en chiffres romains,bliss-authored
IV,"Après le trois, en romain",bliss-authored
to,"À, en anglais",bliss-authored
to,"Vers, mot anglais",bliss-authored
unir,Assembler,bliss-authored
unir,Joindre en un tout,bliss-authored
oso,"Ours, en espagnol",bliss-authored
oso,Terminaison de mots savants,bliss-authored
rêver,Songer en dormant,bliss-authored
rêver,"Imaginer, désirer",bliss-authored
ave,Salutation latine,bliss-authored
ave,Prière à Marie,bliss-authored
blé,Céréale à pain,bliss-authored
blé,"Argent, familièrement",bliss-authored
agréer,Accepter avec faveur,bliss-authored
agréer,Recevoir favorablement,bliss-authored
cru,Vin d'un terroir,bliss-authored
cru,Qui n'est pas cuit,bliss-authored
feu,Source de flammes,bliss-authored
feu,"Défunt, décédé",bliss-authored
pic,Sommet montagneux,bliss-authored
pic,Oiseau grimpeur,bliss-authored
anse,Poignée d'un panier,bliss-authored
anse,Petite baie marine,bliss-authored
bec,Bouche de l'oiseau,bliss-authored
bec,Brûleur à gaz,bliss-authored
can,"Peut, en anglais",bliss-authored
can,"Boîte de conserve, en anglais",bliss-authored
av,"Avenue, en abrégé",bliss-authored
av,"Avant, en abrégé",bliss-authored
fi,Marque de dédain,bliss-authored
fi,Interjection de mépris,bliss-authored
Mme,"Madame, en abrégé",bliss-authored
Mme,Titre d'une femme mariée,bliss-authored
vs,"Contre, en abrégé",bliss-authored
vs,"Opposé à, en latin",bliss-authored
emu,Oiseau coureur australien,bliss-authored
emu,Cousin de l'autruche,bliss-authored
ruer,Lancer les pattes arrière,bliss-authored
ruer,Se précipiter avec fougue,bliss-authored
non,Marque de refus,bliss-authored
non,Le contraire de oui,bliss-authored
émouvoir,Toucher le cœur,bliss-authored
émouvoir,Attendrir,bliss-authored
caser,Ranger à sa place,bliss-authored
caser,"Placer, marier",bliss-authored
réel,Qui existe vraiment,bliss-authored
réel,Concret et effectif,bliss-authored
épée,Arme blanche,bliss-authored
épée,Lame de duel,bliss-authored
sortir,Quitter un lieu,bliss-authored
sortir,Aller dehors,bliss-authored
asseoir,Mettre sur un siège,bliss-authored
asseoir,Établir solidement,bliss-authored
ski,Sport de glisse,bliss-authored
ski,Planche pour la neige,bliss-authored
dam,Préjudice subi,bliss-authored
dam,"Dommage, vieux mot",bliss-authored
co,Préfixe signifiant avec,bliss-authored
co,Symbole du cobalt,bliss-authored
ares,Dieu grec de la guerre,bliss-authored
ares,Unités de surface agraire,bliss-authored
MC,Maître de cérémonie,bliss-authored
MC,Animateur de rap,bliss-authored
tu,Pronom de la deuxième personne,bliss-authored
tu,Gardé secret,bliss-authored
vii,Sept en chiffres romains,bliss-authored
vii,"Après le six, chez les Romains",bliss-authored
tare,Poids à déduire,bliss-authored
tare,Défaut héréditaire,bliss-authored
par,Au moyen de,bliss-authored
par,Score de référence au golf,bliss-authored
amer,D'un goût âpre,bliss-authored
amer,Repère de navigation côtière,bliss-authored
lia,Noua ensemble,bliss-authored
lia,Rattacha,bliss-authored
lin,Plante à fibres textiles,bliss-authored
lin,Toile fine,bliss-authored
on,Pronom indéfini,bliss-authored
on,"Quelqu'un, tout le monde",bliss-authored
nef,Vaisseau d'église,bliss-authored
nef,Partie centrale d'une cathédrale,bliss-authored
ont,Possèdent,bliss-authored
ont,Verbe avoir au pluriel,bliss-authored
bis,Une seconde fois,bliss-authored
bis,Réclamé au concert,bliss-authored
omettre,Oublier de mentionner,bliss-authored
omettre,Passer sous silence,bliss-authored
ton,Hauteur d'un son,bliss-authored
ton,Adjectif possessif,bliss-authored
réunir,Rassembler,bliss-authored
réunir,Grouper en un lieu,bliss-authored
obéir,Se soumettre,bliss-authored
obéir,Suivre les ordres,bliss-authored
op,Art optique,bliss-authored
op,"Opération, en abrégé",bliss-authored
ou,Marque un choix,bliss-authored
ou,L'un ou l'autre,bliss-authored
un,Le premier nombre,bliss-authored
un,Article indéfini,bliss-authored
vin,Boisson de Bacchus,bliss-authored
vin,Jus de raisin fermenté,bliss-authored
mener,Conduire,bliss-authored
mener,"Diriger, guider",bliss-authored
rab,"Portion en plus, familièrement",bliss-authored
rab,"Rallonge, en argot",bliss-authored
tête,Sommet du corps,bliss-authored
tête,"Chef, meneur",bliss-authored
tôt,De bonne heure,bliss-authored
tôt,Avant l'heure prévue,bliss-authored
cu,Symbole chimique du cuivre,bliss-authored
cu,"Métal rouge, en deux lettres",bliss-authored
dr,"Docteur, en abrégé",bliss-authored
dr,Titre d'un médecin,bliss-authored
mère,Maman,bliss-authored
mère,Femme qui a enfanté,bliss-authored
ono,"Direction, entre ouest et nord",bliss-authored
ono,Point de la rose des vents,bliss-authored
pur,Sans mélange,bliss-authored
pur,"Immaculé, innocent",bliss-authored
roc,Masse de pierre dure,bliss-authored
roc,Solide comme la pierre,bliss-authored
cil,Poil de la paupière,bliss-authored
cil,Bordure de l'œil,bliss-authored
aviser,Informer quelqu'un,bliss-authored
aviser,Se rendre compte,bliss-authored
loi,Règle votée,bliss-authored
loi,Texte du législateur,bliss-authored
séné,Plante laxative,bliss-authored
séné,Arbuste purgatif,bliss-authored
van,Panier à vanner le grain,bliss-authored
van,Fourgon pour chevaux,bliss-authored
ena,Grande école d'administration,bliss-authored
ena,Pépinière de hauts fonctionnaires,bliss-authored
star,Vedette,bliss-authored
star,Célébrité en vue,bliss-authored
step,Gymnastique sur marche,bliss-authored
step,Danse rythmée au claquement,bliss-authored
sol,Terre sous nos pieds,bliss-authored
sol,Note de musique,bliss-authored
tau,Lettre grecque,bliss-authored
tau,Dix-neuvième de l'alphabet grec,bliss-authored
raie,Poisson plat,bliss-authored
raie,"Trait, ligne",bliss-authored
vêtir,Habiller,bliss-authored
vêtir,Mettre un habit à,bliss-authored
remettre,Confier en main propre,bliss-authored
remettre,Reporter à plus tard,bliss-authored
sein,Mamelle,bliss-authored
sein,Poitrine féminine,bliss-authored
opter,Choisir,bliss-authored
opter,Faire un choix,bliss-authored
aire,Surface mesurée,bliss-authored
aire,Nid d'aigle,bliss-authored
cm,Centimètre en abrégé,bliss-authored
cm,"Unité de longueur, en bref",bliss-authored
ut,Ancien nom du do,bliss-authored
ut,Note de musique,bliss-authored
imiter,Copier,bliss-authored
imiter,Reproduire un geste,bliss-authored
cerner,Encercler,bliss-authored
cerner,Bien saisir un sujet,bliss-authored
pli,Marque de repassage,bliss-authored
pli,Enveloppe postale,bliss-authored
périr,Mourir,bliss-authored
périr,Trouver la mort,bliss-authored
rendre,Restituer,bliss-authored
rendre,Vomir,bliss-authored
ramer,Manier l'aviron,bliss-authored
ramer,"Peiner, galérer",bliss-authored
rot,Renvoi d'estomac,bliss-authored
rot,Éructation,bliss-authored
rimer,Faire des vers,bliss-authored
rimer,Finir par le même son,bliss-authored
top,Signal bref,bliss-authored
top,"Sommet, en anglais",bliss-authored
ag,Symbole de l'argent,bliss-authored
ag,"Argent, en chimie",bliss-authored
da,Particule d'affirmation,bliss-authored
da,"Suit ""oui"" jadis",bliss-authored
je,Première personne,bliss-authored
je,Pronom du locuteur,bliss-authored
xi,Lettre grecque,bliss-authored
xi,Consonne de l'alphabet grec,bliss-authored
relier,Connecter,bliss-authored
relier,Assembler un livre,bliss-authored
sale,Malpropre,bliss-authored
sale,Crasseux,bliss-authored
bas,Situé vers le sol,bliss-authored
bas,Fin vêtement de jambe,bliss-authored
deu,"Dû, en vieux français",bliss-authored
deu,Ancien participe de devoir,bliss-authored
cl,Centilitre en abrégé,bliss-authored
cl,"Mesure de volume, en bref",bliss-authored
mr,Monsieur en abrégé,bliss-authored
mr,"Titre masculin, en bref",bliss-authored
animer,Donner vie,bliss-authored
animer,Présenter une émission,bliss-authored
gag,Effet comique,bliss-authored
gag,Blague visuelle,bliss-authored
noter,Inscrire pour mémoire,bliss-authored
noter,Donner une appréciation chiffrée,bliss-authored
rater,Échouer,bliss-authored
rater,Manquer sa cible,bliss-authored
ériger,"Dresser, bâtir",bliss-authored
ériger,Élever un monument,bliss-authored
site,"Lieu, endroit",bliss-authored
site,Adresse internet,bliss-authored
mouvoir,Mettre en mouvement,bliss-authored
mouvoir,Faire bouger,bliss-authored
agir,Passer à l'action,bliss-authored
agir,Entreprendre,bliss-authored
irriter,"Agacer, énerver",bliss-authored
irriter,Enflammer l'épiderme,bliss-authored
toi,Deuxième personne,bliss-authored
toi,"Pronom, ce n'est pas moi",bliss-authored
aérien,Du ciel,bliss-authored
aérien,"Léger, gracieux",bliss-authored
orée,Bord du bois,bliss-authored
orée,Lisière,bliss-authored
DC,"Courant continu, en sigle",bliss-authored
DC,"Capitale américaine, en sigle",bliss-authored
fa,Note de musique,bliss-authored
fa,Quatrième degré de la gamme,bliss-authored
mas,Ferme provençale,bliss-authored
mas,Maison du Midi,bliss-authored
tv,"Petit écran, en sigle",bliss-authored
tv,"Poste de télévision, en bref",bliss-authored
amener,Conduire vers,bliss-authored
amener,Faire venir,bliss-authored
saisir,Attraper,bliss-authored
saisir,Comprendre vite,bliss-authored
retenir,Garder en mémoire,bliss-authored
retenir,Empêcher de partir,bliss-authored
régir,Gouverner,bliss-authored
régir,Diriger selon des lois,bliss-authored
test,"Épreuve, examen",bliss-authored
test,Essai de vérification,bliss-authored
rus,Petits ruisseaux,bliss-authored
rus,Minces cours d'eau,bliss-authored
jpn,"Japon, en abrégé",bliss-authored
jpn,Code du pays du Soleil-Levant,bliss-authored
bar,Débit de boissons,bliss-authored
bar,Poisson de mer,bliss-authored
cp,"Cours préparatoire, en sigle",bliss-authored
cp,"Code postal, en abrégé",bliss-authored
ol,"Club de foot lyonnais, en sigle",bliss-authored
ol,Terminaison d'un alcool,bliss-authored
pc,"Ordinateur personnel, en sigle",bliss-authored
pc,Poste de commandement,bliss-authored
aider,Secourir,bliss-authored
aider,Prêter main-forte,bliss-authored
éditer,Publier,bliss-authored
éditer,Mettre un texte au point,bliss-authored
mentir,Ne pas dire vrai,bliss-authored
mentir,Tromper par la parole,bliss-authored
écrire,Rédiger,bliss-authored
écrire,Tracer des mots,bliss-authored
réagir,Répondre à un stimulus,bliss-authored
réagir,Ne pas rester passif,bliss-authored
hue,Cri au cheval,bliss-authored
hue,"En avant, pour l'attelage",bliss-authored
arn,Molécule génétique,bliss-authored
arn,Cousin de l'ADN,bliss-authored
urée,Composé azoté,bliss-authored
urée,Résidu filtré par le rein,bliss-authored
sou,Ancienne pièce,bliss-authored
sou,Petite monnaie d'antan,bliss-authored
écru,Beige naturel,bliss-authored
écru,"Non blanchi, la toile",bliss-authored
rail,Voie ferrée,bliss-authored
rail,Barre du chemin de fer,bliss-authored
ad,"Réclame, en anglais",bliss-authored
ad,"Préfixe latin, vers",bliss-authored
mo,Symbole du molybdène,bliss-authored
mo,"Mégaoctet, en abrégé",bliss-authored
pt,Symbole du platine,bliss-authored
pt,"Point, en abrégé",bliss-authored
péri,Fée orientale,bliss-authored
péri,Génie de la mythologie persane,bliss-authored
issir,"Sortir, en ancien français",bliss-authored
issir,"Aller au-dehors, jadis",bliss-authored
vue,Panorama,bliss-authored
vue,Sens des yeux,bliss-authored
pal,Pieu pointu,bliss-authored
pal,Meuble héraldique vertical,bliss-authored
hep,Interpellation,bliss-authored
hep,Pour héler quelqu'un,bliss-authored
rôti,Viande cuite au four,bliss-authored
rôti,Pièce du repas dominical,bliss-authored
axe,Ligne centrale,bliss-authored
axe,Direction principale,bliss-authored
étai,Pièce de soutien,bliss-authored
étai,Support d'échafaudage,bliss-authored
cou,Sous la tête,bliss-authored
cou,Il porte le collier,bliss-authored
lac,Étendue d'eau,bliss-authored
lac,Grand plan d'eau,bliss-authored
seau,Récipient à anse,bliss-authored
seau,Compagnon de la pelle,bliss-authored
lui,"Pronom, la troisième personne",bliss-authored
lui,À cet homme,bliss-authored
émir,Prince arabe,bliss-authored
émir,Chef musulman,bliss-authored
po,Fleuve d'Italie,bliss-authored
po,Symbole du polonium,bliss-authored
avérer,Confirmer,bliss-authored
avérer,Se révéler exact,bliss-authored
nuire,Faire du tort,bliss-authored
nuire,Porter préjudice,bliss-authored
nul,Sans valeur,bliss-authored
nul,Match sans vainqueur,bliss-authored
traire,Tirer le lait,bliss-authored
traire,S'occuper de la vache,bliss-authored
cire,Produit de l'abeille,bliss-authored
cire,Elle fait briller le parquet,bliss-authored
aléa,"Hasard, imprévu",bliss-authored
aléa,Risque incertain,bliss-authored
paître,Brouter,bliss-authored
paître,Mener au pré,bliss-authored
dîner,Repas du soir,bliss-authored
dîner,Manger en soirée,bliss-authored
irm,Examen médical par imagerie,bliss-authored
irm,Exploration à résonance magnétique,bliss-authored
stère,Mètre cube de bois,bliss-authored
stère,Mesure de bûches,bliss-authored
résine,Sève durcie du pin,bliss-authored
résine,Substance collante des conifères,bliss-authored
usité,Couramment employé,bliss-authored
usité,En usage,bliss-authored
alité,Cloué au lit,bliss-authored
alité,Malade couché,bliss-authored
raté,Échec,bliss-authored
raté,Bon à rien,bliss-authored
uriner,Faire pipi,bliss-authored
uriner,Se soulager la vessie,bliss-authored
aîné,Premier-né,bliss-authored
aîné,Le plus âgé des enfants,bliss-authored
cv,"Cheval fiscal, en sigle",bliss-authored
cv,Résumé de carrière,bliss-authored
ex,Ancien conjoint,bliss-authored
ex,Ancienne relation amoureuse,bliss-authored
uno,"Un, en italien",bliss-authored
uno,Jeu de cartes,bliss-authored
stase,Ralentissement du sang,bliss-authored
stase,Stagnation d'un fluide,bliss-authored
nb,"Nota bene, en bref",bliss-authored
nb,Abréviation de nombre,bliss-authored
pers,Couleur des yeux,bliss-authored
pers,Entre bleu et vert,bliss-authored
taie,Enveloppe d'oreiller,bliss-authored
taie,Tache sur la cornée,bliss-authored
taro,Plante tropicale comestible,bliss-authored
taro,Tubercule des îles,bliss-authored
nom,Appellation d'une personne,bliss-authored
nom,Mot qui désigne,bliss-authored
étaler,Répartir sur une surface,bliss-authored
étaler,Exhiber avec ostentation,bliss-authored
mêler,"Brasser, remuer",bliss-authored
mêler,Embrouiller,bliss-authored
ohé,Cri pour appeler,bliss-authored
ohé,Interjection pour héler,bliss-authored
acre,Mesure agraire anglaise,bliss-authored
acre,Ancienne unité de surface,bliss-authored
xiv,Quatorze en chiffres romains,bliss-authored
xiv,Quatorze à Rome,bliss-authored
gin,Alcool anglais,bliss-authored
gin,Spiritueux au genièvre,bliss-authored
œil,Organe de la vue,bliss-authored
œil,Il permet de voir,bliss-authored
partir,S'en aller,bliss-authored
partir,Quitter un lieu,bliss-authored
rose,Fleur à épines,bliss-authored
rose,Couleur pâle du rouge,bliss-authored
pair,Nombre divisible par deux,bliss-authored
pair,Membre d'égal rang,bliss-authored
tendre,"Peu résistant, moelleux",bliss-authored
tendre,Affectueux,bliss-authored
iut,Institut universitaire de technologie,bliss-authored
iut,"Fac technologique, en bref",bliss-authored
rho,Lettre grecque,bliss-authored
rho,R des Grecs,bliss-authored
éviter,Se soustraire à,bliss-authored
éviter,Contourner un obstacle,bliss-authored
repaître,Rassasier,bliss-authored
repaître,Nourrir abondamment,bliss-authored
tarse,Os du pied,bliss-authored
tarse,Segment de patte d'insecte,bliss-authored
thé,Boisson chaude infusée,bliss-authored
thé,Plante à infuser,bliss-authored
cn,Symbole du copernicium,bliss-authored
cn,Élément chimique 112,bliss-authored
croire,Tenir pour vrai,bliss-authored
croire,Avoir la foi,bliss-authored
do,Note de musique,bliss-authored
do,Première note de la gamme,bliss-authored
garer,Ranger un véhicule,bliss-authored
garer,Mettre à l'abri,bliss-authored
mn,Symbole du manganèse,bliss-authored
mn,Abréviation de minute,bliss-authored
nager,Se mouvoir dans l'eau,bliss-authored
nager,Faire la brasse,bliss-authored
fêter,Célébrer,bliss-authored
fêter,Marquer un événement joyeux,bliss-authored
laver,Nettoyer à l'eau,bliss-authored
laver,Ôter les taches,bliss-authored
tester,Essayer un produit,bliss-authored
tester,Mettre à l'épreuve,bliss-authored
inné,De naissance,bliss-authored
inné,Non acquis,bliss-authored
ruiner,Mettre à sec financièrement,bliss-authored
ruiner,Détruire complètement,bliss-authored
série,Suite d'éléments,bliss-authored
série,Feuilleton télévisé,bliss-authored
jeu,Divertissement,bliss-authored
jeu,Activité récréative,bliss-authored
sud,Point cardinal,bliss-authored
sud,Opposé au nord,bliss-authored
ttc,Toutes taxes comprises,bliss-authored
ttc,Prix taxes incluses,bliss-authored
noir,Couleur sombre,bliss-authored
noir,Sans lumière,bliss-authored
sens,Signification,bliss-authored
sens,Direction d'un déplacement,bliss-authored
ah,Cri de surprise,bliss-authored
ah,Interjection d'étonnement,bliss-authored
fr,"France, en abrégé",bliss-authored
fr,Domaine internet français,bliss-authored
ha,Symbole de l'hectare,bliss-authored
ha,Cri de surprise,bliss-authored
if,Arbre à baies rouges,bliss-authored
if,Conifère de cimetière,bliss-authored
usd,"Dollar américain, en bourse",bliss-authored
usd,Monnaie des États-Unis,bliss-authored
qr,Code-barres carré,bliss-authored
qr,Sigle d'un code 2D,bliss-authored
ternir,Faire perdre l'éclat,bliss-authored
ternir,Salir une réputation,bliss-authored
tata,"Tante, familièrement",bliss-authored
tata,Fortification africaine,bliss-authored
tisser,Faire de la toile,bliss-authored
tisser,Entrelacer des fils,bliss-authored
cesser,Arrêter,bliss-authored
cesser,Prendre fin,bliss-authored
zig,"Individu, type (fam.)",bliss-authored
zig,Joyeux compagnon,bliss-authored
ravir,"Enchanter, charmer",bliss-authored
ravir,Enlever de force,bliss-authored
pâte,Mélange de farine,bliss-authored
pâte,Matière molle à modeler,bliss-authored
élever,Dresser un enfant,bliss-authored
élever,"Construire, ériger",bliss-authored
marié,Époux du jour,bliss-authored
marié,Jeune conjoint,bliss-authored
insérer,Introduire dans,bliss-authored
insérer,Glisser au milieu,bliss-authored
sucer,Aspirer avec la bouche,bliss-authored
sucer,Téter un bonbon,bliss-authored
âpre,Rude au goût,bliss-authored
âpre,"Rêche, sévère",bliss-authored
chi,Lettre grecque,bliss-authored
chi,Énergie vitale chinoise,bliss-authored
oral,Épreuve parlée,bliss-authored
oral,De la bouche,bliss-authored
pêne,Pièce de serrure,bliss-authored
pêne,Il ferme la porte,bliss-authored
mué,Qui a changé de peau,bliss-authored
mué,À la voix transformée,bliss-authored
méat,Petit orifice,bliss-authored
méat,Conduit anatomique,bliss-authored
fier,Orgueilleux,bliss-authored
fier,"Digne, altier",bliss-authored
prendre,Saisir,bliss-authored
prendre,S'emparer de,bliss-authored
noyer,Arbre à noix,bliss-authored
noyer,Faire périr dans l'eau,bliss-authored
tsar,Empereur russe,bliss-authored
tsar,Souverain de Russie,bliss-authored
gbp,"Livre sterling, en bourse",bliss-authored
gbp,Monnaie britannique,bliss-authored
xii,Douze en chiffres romains,bliss-authored
xii,Douze à Rome,bliss-authored
phi,Lettre grecque,bliss-authored
phi,"Nombre d'or, symbole",bliss-authored
eros,Dieu grec de l'amour,bliss-authored
eros,Divinité du désir,bliss-authored
maar,Cratère volcanique,bliss-authored
maar,Lac de cratère,bliss-authored
rien,Nulle chose,bliss-authored
rien,Absence de tout,bliss-authored
sos,Appel de détresse,bliss-authored
sos,Signal de secours,bliss-authored
raid,Incursion militaire,bliss-authored
raid,Course d'endurance,bliss-authored
râpe,Ustensile de cuisine,bliss-authored
râpe,Outil qui use,bliss-authored
cia,Renseignement américain,bliss-authored
cia,Agence d'espionnage US,bliss-authored
curer,Nettoyer en creusant,bliss-authored
curer,Vider un fossé,bliss-authored
toc,"Faux bijou, imitation",bliss-authored
toc,Bruit à la porte,bliss-authored
mater,"Dompter, maîtriser",bliss-authored
mater,Regarder (fam.),bliss-authored
sept,Chiffre après six,bliss-authored
sept,Jours de la semaine,bliss-authored
seul,Sans compagnie,bliss-authored
seul,"Isolé, unique",bliss-authored
dos,Partie arrière du corps,bliss-authored
dos,"Revers, envers",bliss-authored
nd,Symbole du néodyme,bliss-authored
nd,"Notre-Dame, en abrégé",bliss-authored
pm,Après-midi (sigle anglais),bliss-authored
pm,"Premier ministre, sigle",bliss-authored
mou,Sans fermeté,bliss-authored
mou,Manquant de tonus,bliss-authored
éteindre,Faire cesser de brûler,bliss-authored
éteindre,Couper la lumière,bliss-authored
pâtir,"Souffrir, endurer",bliss-authored
pâtir,Subir un préjudice,bliss-authored
rayer,Barrer d'un trait,bliss-authored
rayer,Faire une éraflure,bliss-authored
remuer,Agiter,bliss-authored
remuer,Bouger sans cesse,bliss-authored
forer,Percer un trou profond,bliss-authored
forer,Creuser un puits,bliss-authored
acte,Action accomplie,bliss-authored
acte,Partie d'une pièce,bliss-authored
nain,Homme minuscule,bliss-authored
nain,Personnage de conte,bliss-authored
casser,Briser,bliss-authored
casser,Mettre en morceaux,bliss-authored
paraître,"Sembler, avoir l'air",bliss-authored
paraître,Être publié,bliss-authored
virer,Changer de direction,bliss-authored
virer,Transférer de l'argent,bliss-authored
terre,Planète bleue,bliss-authored
terre,Sol cultivable,bliss-authored
idée,Pensée,bliss-authored
idée,Conception de l'esprit,bliss-authored
pus,Liquide d'infection,bliss-authored
pus,Sécrétion d'abcès,bliss-authored
peindre,Couvrir de couleur,bliss-authored
peindre,Représenter sur toile,bliss-authored
crête,Sommet de vague,bliss-authored
crête,Ornement du coq,bliss-authored
plier,Rabattre en deux,bliss-authored
plier,Courber sous l'effort,bliss-authored
bâtir,Construire,bliss-authored
bâtir,Édifier,bliss-authored
nuée,Gros nuage,bliss-authored
nuée,Multitude en vol,bliss-authored
seine,Fleuve de Paris,bliss-authored
seine,Grand filet de pêche,bliss-authored
réciter,Dire par cœur,bliss-authored
réciter,Déclamer un texte,bliss-authored
devoir,Obligation morale,bliss-authored
devoir,Travail d'écolier,bliss-authored
scie,Outil à dents,bliss-authored
scie,Rengaine agaçante,bliss-authored
août,Mois des vacances,bliss-authored
août,Huitième mois,bliss-authored
état,Nation organisée,bliss-authored
état,"Situation, condition",bliss-authored
urne,Vase à bulletins,bliss-authored
urne,Vase funéraire,bliss-authored
cène,Dernier repas du Christ,bliss-authored
cène,Repas sacré des apôtres,bliss-authored
rite,Cérémonie réglée,bliss-authored
rite,Usage religieux,bliss-authored
rade,Baie abritée,bliss-authored
rade,Mouillage de navires,bliss-authored
élan,Grand cerf du Nord,bliss-authored
élan,Mouvement vif,bliss-authored
étui,Boîte à lunettes,bliss-authored
étui,Gaine protectrice,bliss-authored
râle,Oiseau des marais,bliss-authored
râle,Bruit de gorge,bliss-authored
lot,Gros gain de loterie,bliss-authored
lot,Ensemble de marchandises,bliss-authored
marier,Unir par les liens,bliss-authored
marier,Assortir des couleurs,bliss-authored
arrêter,Cesser un mouvement,bliss-authored
arrêter,Appréhender un suspect,bliss-authored
du,Article contracté,bliss-authored
du,"De le, contracté",bliss-authored
émoi,Vive émotion,bliss-authored
émoi,"Trouble, agitation",bliss-authored
mal,Contraire du bien,bliss-authored
mal,Douleur physique,bliss-authored
mg,Millième de gramme,bliss-authored
mg,Symbole du magnésium,bliss-authored
ml,Millième de litre,bliss-authored
ml,Petite mesure de volume,bliss-authored
régler,Ajuster un mécanisme,bliss-authored
régler,Payer une facture,bliss-authored
tain,Étamage de miroir,bliss-authored
tain,Couche derrière la glace,bliss-authored
able,Petit poisson blanc,bliss-authored
able,Poisson d'eau douce,bliss-authored
nez,Organe de l'odorat,bliss-authored
nez,Appendice du visage,bliss-authored
nno,Direction de la boussole,bliss-authored
nno,Entre nord et nord-ouest,bliss-authored
battre,Frapper à coups,bliss-authored
battre,Vaincre un adversaire,bliss-authored
redire,Répéter un propos,bliss-authored
redire,Trouver à critiquer,bliss-authored
cane,Femelle du colvert,bliss-authored
cane,Oiseau de basse-cour,bliss-authored
venir,Se rendre quelque part,bliss-authored
venir,Arriver vers,bliss-authored
pme,Petite ou moyenne entreprise,bliss-authored
pme,"Firme modeste, en sigle",bliss-authored
boire,Absorber un liquide,bliss-authored
boire,Ingérer une gorgée,bliss-authored
hop,Interjection vive,bliss-authored
hop,Cri d'un bond,bliss-authored
pire,Le plus mauvais,bliss-authored
pire,Comble du mal,bliss-authored
qui,Pronom relatif,bliss-authored
qui,"Lequel, en question",bliss-authored
paie,Salaire du travailleur,bliss-authored
paie,Rémunération mensuelle,bliss-authored
perdre,Égarer un objet,bliss-authored
perdre,Être vaincu,bliss-authored
ante,Mise initiale au poker,bliss-authored
ante,Préfixe signifiant avant,bliss-authored
têtu,Qui n'en démord pas,bliss-authored
têtu,"Obstiné, buté",bliss-authored
féal,Fidèle vassal,bliss-authored
féal,Loyal serviteur,bliss-authored
ramener,Reconduire chez soi,bliss-authored
ramener,Rapporter avec soi,bliss-authored
percer,Faire un trou,bliss-authored
percer,Traverser de part en part,bliss-authored
sérum,Liquide sanguin,bliss-authored
sérum,Injection thérapeutique,bliss-authored
serre,Abri des plantes,bliss-authored
serre,Griffe du rapace,bliss-authored
altérer,Modifier en mal,bliss-authored
altérer,Donner soif,bliss-authored
étau,Outil qui serre,bliss-authored
étau,Presse d'établi,bliss-authored
cul,Postérieur,bliss-authored
cul,Fond d'une bouteille,bliss-authored
varier,Changer souvent,bliss-authored
varier,Diversifier,bliss-authored
br,Symbole du brome,bliss-authored
br,"Halogène, en symbole",bliss-authored
cd,Disque numérique,bliss-authored
cd,Symbole du cadmium,bliss-authored
ardu,Très difficile,bliss-authored
ardu,Malaisé à faire,bliss-authored
sisal,Fibre textile,bliss-authored
sisal,Plante à cordages,bliss-authored
égarer,Perdre un objet,bliss-authored
égarer,"Fourvoyer, tromper",bliss-authored
mm,Millième de mètre,bliss-authored
mm,Petite unité de longueur,bliss-authored
pb,Symbole du plomb,bliss-authored
pb,"Ennui, en abrégé",bliss-authored
rn,Route nationale,bliss-authored
rn,Symbole du radon,bliss-authored
sf,Genre d'anticipation,bliss-authored
sf,"Récit futuriste, en sigle",bliss-authored
frire,Cuire dans l'huile,bliss-authored
frire,Passer à la poêle,bliss-authored
vil,Bas et méprisable,bliss-authored
vil,Sans honneur,bliss-authored
ranger,Mettre en ordre,bliss-authored
ranger,Classer soigneusement,bliss-authored
net,Propre et clair,bliss-authored
net,"Sans déduction, final",bliss-authored
méta,Préfixe du dépassement,bliss-authored
méta,"Au-delà, en grec",bliss-authored
fan,"Admirateur passionné, mot anglais",bliss-authored
fan,Supporter enthousiaste,bliss-authored
spot,"Projecteur ponctuel, mot anglais",bliss-authored
spot,Message publicitaire,bliss-authored
naïf,Trop crédule,bliss-authored
naïf,Simple et candide,bliss-authored
nard,Plante aromatique,bliss-authored
nard,Parfum de l'Antiquité,bliss-authored
carré,Quadrilatère égal,bliss-authored
carré,Puissance deux,bliss-authored
cash,"Argent comptant, mot anglais",bliss-authored
cash,"Sans détour, direct",bliss-authored
saluer,Dire bonjour,bliss-authored
saluer,Rendre hommage,bliss-authored
aminé,Acide des protéines,bliss-authored
aminé,Se dit d'un acide,bliss-authored
imam,Chef de prière musulman,bliss-authored
imam,Guide religieux de l'islam,bliss-authored
saut,Bond en l'air,bliss-authored
saut,Franchissement d'obstacle,bliss-authored
citer,Rapporter les mots,bliss-authored
citer,Convoquer en justice,bliss-authored
riz,Céréale d'Asie,bliss-authored
riz,Grain du risotto,bliss-authored
raidir,Rendre rigide,bliss-authored
raidir,Tendre avec force,bliss-authored
bah,Marque d'indifférence,bliss-authored
bah,Interjection de doute,bliss-authored
opérer,Pratiquer une chirurgie,bliss-authored
opérer,"Effectuer, réaliser",bliss-authored
usine,Fabrique industrielle,bliss-authored
usine,Lieu de production,bliss-authored
tasse,Récipient à café,bliss-authored
tasse,Contenu à boire,bliss-authored
épurer,Rendre pur,bliss-authored
épurer,Éliminer les impuretés,bliss-authored
étale,Mer sans mouvement,bliss-authored
étale,Sans hausse ni baisse,bliss-authored
bra,"Sous-vêtement, en anglais",bliss-authored
bra,Code du Brésil,bliss-authored
rural,De la campagne,bliss-authored
rural,"Champêtre, agreste",bliss-authored
névé,Neige durcie,bliss-authored
névé,Glace de montagne,bliss-authored
traîner,Tirer derrière soi,bliss-authored
traîner,"Lambiner, tarder",bliss-authored
reine,Épouse du roi,bliss-authored
reine,Pièce des échecs,bliss-authored
aide,"Assistance, soutien",bliss-authored
aide,Coup de main,bliss-authored
secte,Groupe fanatique,bliss-authored
secte,Communauté fermée,bliss-authored
aile,Membre de l'oiseau,bliss-authored
aile,Partie de l'avion,bliss-authored
note,Son de musique,bliss-authored
note,Appréciation chiffrée,bliss-authored
luc,Évangéliste,bliss-authored
luc,Prénom masculin,bliss-authored
barrer,Fermer un passage,bliss-authored
barrer,Rayer d'un trait,bliss-authored
gémir,Se plaindre en pleurant,bliss-authored
gémir,Pousser des plaintes,bliss-authored
ht,Prix sans la TVA,bliss-authored
ht,"Hors taxes, en abrégé",bliss-authored
dom,"Département d'outre-mer, sigle",bliss-authored
dom,Titre d'un bénédictin,bliss-authored
mar,"Maroc, code à trois lettres",bliss-authored
mar,"Mardi, en abrégé",bliss-authored
mu,Lettre grecque,bliss-authored
mu,Elle précède nu dans l'alphabet grec,bliss-authored
nl,"Pays-Bas, sur Internet",bliss-authored
nl,Code des Pays-Bas,bliss-authored
dur,Difficile à entamer,bliss-authored
dur,"Résistant, ferme",bliss-authored
mil,Céréale des pays chauds,bliss-authored
mil,"Mille, dans un millésime",bliss-authored
vc,"Petite route de campagne, sigle",bliss-authored
vc,"Voie communale, en abrégé",bliss-authored
iran,Pays de Téhéran,bliss-authored
iran,État du Golfe persique,bliss-authored
zn,Symbole du zinc,bliss-authored
zn,"Métal, en chimie",bliss-authored
teint,Coloris de la peau,bliss-authored
teint,Carnation du visage,bliss-authored
mur,Séparation en pierre,bliss-authored
mur,Ce qu'on escalade en prison,bliss-authored
vif,Plein d'énergie,bliss-authored
vif,Alerte et rapide,bliss-authored
soie,Étoffe brillante et douce,bliss-authored
soie,Production du bombyx,bliss-authored
vos,Adjectif possessif,bliss-authored
vos,"À vous, au pluriel",bliss-authored
solo,Morceau pour un seul,bliss-authored
solo,En solitaire,bliss-authored
asile,Lieu de refuge,bliss-authored
asile,Abri pour réfugiés,bliss-authored
asse,Outil tranchant courbé,bliss-authored
asse,Herminette de tonnelier,bliss-authored
récrier,S'exclamer vivement,bliss-authored
récrier,Protester avec force,bliss-authored
sente,Étroit chemin,bliss-authored
sente,Layon en forêt,bliss-authored
fane,Feuille flétrie,bliss-authored
fane,Feuillage des radis,bliss-authored
rente,Revenu régulier,bliss-authored
rente,Pension annuelle,bliss-authored
fra,"Frère, en italien",bliss-authored
fra,Code de la France,bliss-authored
isoler,Mettre à l'écart,bliss-authored
isoler,Séparer des autres,bliss-authored
case,Carré d'un damier,bliss-authored
case,Hutte africaine,bliss-authored
item,Élément d'une liste,bliss-authored
item,"De même, en latin",bliss-authored
gnu,Antilope d'Afrique,bliss-authored
gnu,Gros herbivore des savanes,bliss-authored
usuel,D'usage courant,bliss-authored
usuel,"Habituel, fréquent",bliss-authored
étole,Écharpe de prêtre,bliss-authored
étole,Bande liturgique,bliss-authored
zéro,Chiffre rond,bliss-authored
zéro,Absence de valeur,bliss-authored
artère,Vaisseau sanguin,bliss-authored
artère,Grande voie urbaine,bliss-authored
aïeul,Grand-père,bliss-authored
aïeul,Ancêtre de la famille,bliss-authored
bénir,Consacrer par un rite,bliss-authored
bénir,Combler de grâces,bliss-authored
roue,Elle tourne sur l'essieu,bliss-authored
roue,Organe rond du vélo,bliss-authored
lest,Poids d'un ballon,bliss-authored
lest,Charge de stabilisation,bliss-authored
prêt,Crédit bancaire,bliss-authored
prêt,Disposé à agir,bliss-authored
paon,Bel oiseau bleuté,bliss-authored
paon,Il fait la roue,bliss-authored
adn,Molécule de l'hérédité,bliss-authored
adn,Support des gènes,bliss-authored
scan,Image numérisée,bliss-authored
scan,Examen d'imagerie médicale,bliss-authored
open,"Tournoi de tennis, mot anglais",bliss-authored
open,"Ouvert, en anglais",bliss-authored
serpe,Outil du vigneron,bliss-authored
serpe,Lame pour élaguer,bliss-authored
agar,Gélifiant tiré d'algues,bliss-authored
agar,Gelée pour cultures microbiennes,bliss-authored
mare,Petite étendue d'eau,bliss-authored
mare,Flaque stagnante,bliss-authored
payer,Régler une somme,bliss-authored
payer,Acquitter une dette,bliss-authored
bal,Soirée dansante,bliss-authored
bal,Fête où l'on danse,bliss-authored
irréel,Qui n'existe pas,bliss-authored
irréel,"Chimérique, imaginaire",bliss-authored
ébène,Bois noir précieux,bliss-authored
ébène,Noir profond,bliss-authored
persan,Tapis d'Orient,bliss-authored
persan,Chat à longs poils,bliss-authored
nerf,Conducteur de l'influx,bliss-authored
nerf,Il transmet la sensation,bliss-authored
grec,Langue de Platon,bliss-authored
grec,Habitant d'Athènes,bliss-authored
apte,"Habile, capable",bliss-authored
apte,En état de faire,bliss-authored
rive,Bord d'un fleuve,bliss-authored
rive,Berge d'un cours d'eau,bliss-authored
puiser,Tirer de l'eau,bliss-authored
puiser,Prendre dans une réserve,bliss-authored
courir,Se déplacer vite,bliss-authored
courir,Aller au galop,bliss-authored
férié,Jour chômé,bliss-authored
férié,Non travaillé,bliss-authored
acier,Alliage de fer,bliss-authored
acier,Métal des lames,bliss-authored
envier,Jalouser autrui,bliss-authored
envier,Convoiter le bien d'autrui,bliss-authored
lasser,Fatiguer à la longue,bliss-authored
lasser,Ennuyer par la répétition,bliss-authored
az,"Arizona, en abrégé",bliss-authored
az,"Azerbaïdjan, sur le web",bliss-authored
ba,Symbole du baryum,bliss-authored
ba,"Bonne action, chez les scouts",bliss-authored
cg,Centième de gramme,bliss-authored
cg,"Petite masse, symbole",bliss-authored
dj,Il passe les disques,bliss-authored
dj,"Djibouti, code pays",bliss-authored
inter,"Communication à distance, jadis",bliss-authored
inter,Préfixe: entre,bliss-authored
snob,Poseur mondain,bliss-authored
snob,Qui affecte le bon goût,bliss-authored
MD,"Milliard, en abrégé",bliss-authored
MD,"Maryland, aux États-Unis",bliss-authored
oh,Cri de surprise,bliss-authored
oh,Marque l'étonnement,bliss-authored
tine,Grand baquet de bois,bliss-authored
tine,Cuve de vendangeur,bliss-authored
wu,Dialecte chinois,bliss-authored
wu,Parler de la région de Shanghai,bliss-authored
peso,Monnaie mexicaine,bliss-authored
peso,Devise d'Amérique latine,bliss-authored
gêner,Mettre mal à l'aise,bliss-authored
gêner,Embarrasser quelqu'un,bliss-authored
désirer,Avoir envie de,bliss-authored
désirer,Souhaiter ardemment,bliss-authored
dater,Situer dans le temps,bliss-authored
dater,Remonter à une époque,bliss-authored
mourir,Cesser de vivre,bliss-authored
mourir,Rendre l'âme,bliss-authored
ocre,Pigment jaune-brun,bliss-authored
ocre,Terre colorante,bliss-authored
viser,Pointer une cible,bliss-authored
viser,Chercher à atteindre,bliss-authored
gâter,Combler d'attentions,bliss-authored
gâter,"Abîmer, avarier",bliss-authored
tenter,Essayer de faire,bliss-authored
tenter,Chercher à séduire,bliss-authored
caïd,Chef de bande,bliss-authored
caïd,Truand influent,bliss-authored
essor,Rapide développement,bliss-authored
essor,Envol d'un oiseau,bliss-authored
espérer,Attendre avec confiance,bliss-authored
espérer,Compter sur l'avenir,bliss-authored
serein,Calme et paisible,bliss-authored
serein,Sans nuage,bliss-authored
allier,Unir des forces,bliss-authored
allier,Département auvergnat,bliss-authored
ouf,Soupir de soulagement,bliss-authored
ouf,Cri de la fin d'un effort,bliss-authored
nasse,Piège à poissons,bliss-authored
nasse,Casier de pêcheur,bliss-authored
écarter,Éloigner l'un de l'autre,bliss-authored
écarter,Mettre de côté,bliss-authored
vase,Pot à fleurs,bliss-authored
vase,Boue du fond des étangs,bliss-authored
silo,Réservoir à grains,bliss-authored
silo,Fosse à fourrage,bliss-authored
adorer,Aimer passionnément,bliss-authored
adorer,Vouer un culte,bliss-authored
haïr,Détester profondément,bliss-authored
haïr,Avoir en horreur,bliss-authored
renne,Cervidé du Grand Nord,bliss-authored
renne,Il tire le traîneau du Père Noël,bliss-authored
same,Lapon de Scandinavie,bliss-authored
same,Peuple du Grand Nord,bliss-authored
anal,Du bas du tube digestif,bliss-authored
anal,Relatif à l'anus,bliss-authored
séparer,Diviser en deux,bliss-authored
séparer,Mettre à part,bliss-authored
nitre,"Salpêtre, autrefois",bliss-authored
nitre,Nitrate de potassium naturel,bliss-authored
égaré,Perdu en route,bliss-authored
égaré,Qui a perdu son chemin,bliss-authored
arabe,Langue du Maghreb,bliss-authored
arabe,"Chiffre, opposé au romain",bliss-authored
résoudre,Trouver la solution,bliss-authored
résoudre,Venir à bout d'un problème,bliss-authored
pape,Chef de l'Église catholique,bliss-authored
pape,Souverain du Vatican,bliss-authored
télé,Petit écran,bliss-authored
télé,Poste du salon,bliss-authored
répéter,Redire sans cesse,bliss-authored
répéter,Refaire pour apprendre,bliss-authored
imc,Indice de masse corporelle,bliss-authored
imc,Repère de poids santé,bliss-authored
païen,Adorateur d'idoles,bliss-authored
païen,Non-croyant,bliss-authored
pari,Enjeu de jeu,bliss-authored
pari,Mise risquée,bliss-authored
ogre,Géant mangeur d'enfants,bliss-authored
ogre,Monstre des contes,bliss-authored
arg,"Argentine, code pays",bliss-authored
arg,Sigle du peso argentin,bliss-authored
petit,De faible taille,bliss-authored
petit,Minuscule,bliss-authored
natte,Tresse de cheveux,bliss-authored
natte,Tapis de paille,bliss-authored
nègre,Écrivain de l'ombre,bliss-authored
nègre,Affluent de l'Amazone,bliss-authored
émeri,Abrasif pour aiguiser,bliss-authored
émeri,Poudre qui décape,bliss-authored
harem,Gynécée oriental,bliss-authored
harem,Appartement des sultanes,bliss-authored
froid,Manque de chaleur,bliss-authored
froid,Glacial,bliss-authored
néon,Gaz des tubes lumineux,bliss-authored
néon,Enseigne éclairée,bliss-authored
but,Point marqué au foot,bliss-authored
but,Objectif à atteindre,bliss-authored
saint,Personnage canonisé,bliss-authored
saint,Homme d'une grande vertu,bliss-authored
gîte,Abri du lièvre,bliss-authored
gîte,Location de vacances,bliss-authored
race,Variété d'une espèce,bliss-authored
race,Groupe ethnique,bliss-authored
régner,Exercer le pouvoir,bliss-authored
régner,Gouverner en roi,bliss-authored
avaler,Ingurgiter,bliss-authored
avaler,Faire descendre dans la gorge,bliss-authored
rame,Aviron de barque,bliss-authored
rame,Convoi de métro,bliss-authored
hésiter,Ne pas se décider,bliss-authored
hésiter,Balancer entre deux choix,bliss-authored
armée,Force militaire,bliss-authored
armée,Grande multitude,bliss-authored
gare,Halte des trains,bliss-authored
gare,Station ferroviaire,bliss-authored
isolé,À l'écart,bliss-authored
isolé,"Seul, sans contact",bliss-authored
écraser,Aplatir avec force,bliss-authored
écraser,Réduire en purée,bliss-authored
oint,Consacré par l'onction,bliss-authored
oint,Frotté d'huile sainte,bliss-authored
édit,Décret royal,bliss-authored
édit,Loi de l'Ancien Régime,bliss-authored
coït,Union charnelle,bliss-authored
coït,Accouplement,bliss-authored
dorer,Couvrir d'or,bliss-authored
dorer,Faire brunir au four,bliss-authored
DV,Cinq cent cinq romain,bliss-authored
DV,505 chez les Latins,bliss-authored
nette,Claire et précise,bliss-authored
nette,"Propre, sans tache",bliss-authored
go,Jeu de pions asiatique,bliss-authored
go,Unité de stockage informatique,bliss-authored
IX,Neuf en chiffres romains,bliss-authored
IX,Nombre à la romaine,bliss-authored
lait,Boisson de la vache,bliss-authored
lait,Liquide blanc nourricier,bliss-authored
ka,Double spirituel du pharaon,bliss-authored
ka,"Âme, chez les Égyptiens",bliss-authored
tarder,Se faire attendre,bliss-authored
tarder,Mettre du temps,bliss-authored
LV,Cinquante-cinq romain,bliss-authored
LV,55 chez les Anciens,bliss-authored
arme,Instrument de combat,bliss-authored
arme,Fusil ou épée,bliss-authored
agiter,Secouer,bliss-authored
agiter,Remuer vivement,bliss-authored
tact,Délicatesse,bliss-authored
tact,Sens du toucher,bliss-authored
trio,Groupe de trois,bliss-authored
trio,Ensemble musical à trois,bliss-authored
carie,Trou dans une dent,bliss-authored
carie,Mal soigné par le dentiste,bliss-authored
iris,Fleur bleue des jardins,bliss-authored
iris,Membrane colorée de l'œil,bliss-authored
aber,Estuaire breton,bliss-authored
aber,Ria de Bretagne,bliss-authored
polir,Rendre lisse,bliss-authored
polir,Lustrer une surface,bliss-authored
soir,Fin de journée,bliss-authored
soir,Moment du crépuscule,bliss-authored
sécher,Rendre sec,bliss-authored
sécher,Manquer un cours,bliss-authored
sole,Poisson plat,bliss-authored
sole,Dessous du sabot,bliss-authored
recto,Endroit d'une feuille,bliss-authored
recto,Première face d'une page,bliss-authored
fil,Brin à coudre,bliss-authored
fil,Conducteur électrique,bliss-authored
cité,Ensemble de logements,bliss-authored
cité,Grande ville,bliss-authored
reçu,Justificatif de paiement,bliss-authored
reçu,Admis à un examen,bliss-authored
ours,Plantigrade des forêts,bliss-authored
ours,Grand animal du zoo,bliss-authored
vouer,Consacrer,bliss-authored
vouer,Promettre solennellement,bliss-authored
carte,Plan géographique,bliss-authored
carte,Menu du restaurant,bliss-authored
vitae,"Curriculum ___, le CV",bliss-authored
vitae,"De la vie, en latin",bliss-authored
sirène,Femme-poisson des légendes,bliss-authored
sirène,Signal d'alarme sonore,bliss-authored
auge,Mangeoire du cochon,bliss-authored
auge,Récipient du maçon,bliss-authored
alun,Sel qui arrête le sang,bliss-authored
alun,Astringent après rasage,bliss-authored
urine,Liquide des reins,bliss-authored
urine,Produit filtré par la vessie,bliss-authored
aune,Ancienne mesure de longueur,bliss-authored
aune,Arbre des lieux humides,bliss-authored
envie,Désir pressant,bliss-authored
envie,Jalousie,bliss-authored
auto,Véhicule à quatre roues,bliss-authored
auto,Voiture,bliss-authored
center,"Centre, en anglais",bliss-authored
center,"Milieu, mot anglais",bliss-authored
sauce,Accompagnement liquide,bliss-authored
sauce,Elle nappe le rôti,bliss-authored
situer,Placer dans l'espace,bliss-authored
situer,Localiser,bliss-authored
ranimer,Redonner vie,bliss-authored
ranimer,Réveiller le feu,bliss-authored
lent,Peu rapide,bliss-authored
lent,Qui traîne,bliss-authored
sape,"Vêtement, en argot",bliss-authored
sape,Travail de sabotage souterrain,bliss-authored
diète,Régime du malade,bliss-authored
diète,Ancienne assemblée germanique,bliss-authored
parler,S'exprimer par la voix,bliss-authored
parler,Prononcer des mots,bliss-authored
fuir,Prendre la poudre d'escampette,bliss-authored
fuir,Laisser échapper l'eau,bliss-authored
pisé,Terre argileuse à bâtir,bliss-authored
pisé,Mur de terre battue,bliss-authored
défier,Provoquer,bliss-authored
défier,Lancer un challenge,bliss-authored
copier,Reproduire à l'identique,bliss-authored
copier,Imiter,bliss-authored
aorte,Grosse artère du cœur,bliss-authored
aorte,Vaisseau majeur du sang,bliss-authored
maie,Coffre à pétrir le pain,bliss-authored
maie,Pétrin de boulanger,bliss-authored
main,Extrémité du bras,bliss-authored
main,Elle a cinq doigts,bliss-authored
élite,Le dessus du panier,bliss-authored
élite,Groupe des meilleurs,bliss-authored
maïs,Céréale à épis jaunes,bliss-authored
maïs,Grain à pop-corn,bliss-authored
exister,"Être, vivre",bliss-authored
exister,Avoir une réalité,bliss-authored
mari,Époux,bliss-authored
mari,Conjoint d'une femme,bliss-authored
résider,Habiter quelque part,bliss-authored
résider,Demeurer en un lieu,bliss-authored
pétrir,Malaxer la pâte,bliss-authored
pétrir,Travailler avec les mains,bliss-authored
ban,Roulement d'applaudissements,bliss-authored
ban,Publication de mariage,bliss-authored
stop,Arrêt obligatoire au carrefour,bliss-authored
stop,Ordre de s'arrêter,bliss-authored
toit,Couverture d'une maison,bliss-authored
toit,Il protège de la pluie,bliss-authored
étrier,Support du pied du cavalier,bliss-authored
étrier,Osselet de l'oreille,bliss-authored
bol,Récipient du petit-déjeuner,bliss-authored
bol,"Chance, en argot",bliss-authored
bon,De bonne qualité,bliss-authored
bon,Coupon d'achat,bliss-authored
abuser,Aller trop loin,bliss-authored
abuser,Tromper quelqu'un,bliss-authored
iota,Lettre grecque,bliss-authored
iota,Toute petite quantité,bliss-authored
resto,Lieu où l'on dîne,bliss-authored
resto,Cantine familière,bliss-authored
rapt,Enlèvement,bliss-authored
rapt,Kidnapping,bliss-authored
col,Passage de montagne,bliss-authored
col,Partie du vêtement au cou,bliss-authored
gaze,Tissu léger de pansement,bliss-authored
gaze,Étoffe transparente,bliss-authored
tuf,Roche volcanique poreuse,bliss-authored
tuf,Pierre tendre,bliss-authored
résumer,Dire en bref,bliss-authored
résumer,Condenser un texte,bliss-authored
tva,Taxe sur les achats,bliss-authored
tva,Impôt indirect,bliss-authored
paroi,"Mur, cloison",bliss-authored
paroi,Face abrupte de montagne,bliss-authored
munir,"Équiper, pourvoir",bliss-authored
munir,Doter d'un objet,bliss-authored
hère,Pauvre malheureux,bliss-authored
hère,Jeune cerf,bliss-authored
avilir,"Rabaisser, déprécier",bliss-authored
avilir,Rendre méprisable,bliss-authored
sexe,Mâle ou femelle,bliss-authored
sexe,Organe de reproduction,bliss-authored
sève,Liquide nourricier des plantes,bliss-authored
sève,"Vigueur, énergie",bliss-authored
revêtir,"Habiller, couvrir",bliss-authored
revêtir,Endosser un habit,bliss-authored
laïc,Non religieux,bliss-authored
laïc,Qui n'est pas clerc,bliss-authored
om,Club de foot marseillais,bliss-authored
om,Mantra hindou,bliss-authored
pv,Amende de stationnement,bliss-authored
pv,Procès-verbal en bref,bliss-authored
aspirer,"Inhaler, humer",bliss-authored
aspirer,Désirer ardemment,bliss-authored
vo,Film non doublé,bliss-authored
vo,"Au cinéma, sous-titré",bliss-authored
XC,Quatre-vingt-dix romain,bliss-authored
XC,90 chez les Latins,bliss-authored
sauter,Bondir,bliss-authored
sauter,Faire exploser,bliss-authored
atterrir,Se poser au sol,bliss-authored
atterrir,"Toucher terre, pour l'avion",bliss-authored
vol,Larcin,bliss-authored
vol,Déplacement dans les airs,bliss-authored
aliéner,Céder un bien,bliss-authored
aliéner,Rendre fou,bliss-authored
rhume,Refroidissement,bliss-authored
rhume,Affection des voies nasales,bliss-authored
relai,"Étape, relève",bliss-authored
relai,"Course d'équipe, en athlétisme",bliss-authored
rétro,Ancien style,bliss-authored
rétro,"Démodé, d'autrefois",bliss-authored
fbi,Police fédérale américaine,bliss-authored
fbi,Agence de Washington,bliss-authored
islam,Religion de Mahomet,bliss-authored
islam,Religion du Coran,bliss-authored
placer,"Poser, mettre",bliss-authored
placer,Investir de l'argent,bliss-authored
italien,Habitant de Rome,bliss-authored
italien,Langue de Dante,bliss-authored
vexer,"Froisser, blesser",bliss-authored
vexer,Offenser,bliss-authored
univ,"Faculté, en bref",bliss-authored
univ,Établissement d'études supérieures,bliss-authored
ouïe,Sens de l'audition,bliss-authored
ouïe,Organe respiratoire du poisson,bliss-authored
après,"Ensuite, plus tard",bliss-authored
après,À la suite de,bliss-authored
sudest,Point cardinal intermédiaire,bliss-authored
sudest,Direction de la rose des vents,bliss-authored
nana,"Fille, en familier",bliss-authored
nana,"Copine, en argot",bliss-authored
générer,"Produire, engendrer",bliss-authored
générer,"Provoquer, causer",bliss-authored
revivre,Renaître,bliss-authored
revivre,Retrouver ses forces,bliss-authored
retirer,"Enlever, ôter",bliss-authored
retirer,Extraire,bliss-authored
essai,Tentative,bliss-authored
essai,Marque au rugby,bliss-authored
vrai,"Exact, authentique",bliss-authored
vrai,Conforme à la réalité,bliss-authored
vire,Petite terrasse rocheuse,bliss-authored
vire,Ville du Calvados,bliss-authored
baiser,Embrasser,bliss-authored
baiser,Donner un bécot,bliss-authored
visa,Autorisation d'entrée,bliss-authored
visa,Cachet sur un passeport,bliss-authored
oisif,"Inactif, désœuvré",bliss-authored
oisif,Qui ne travaille pas,bliss-authored
vain,"Inutile, stérile",bliss-authored
vain,Sans effet,bliss-authored
usure,Détérioration par le temps,bliss-authored
usure,Intérêt excessif d'un prêt,bliss-authored
rénal,Relatif au rein,bliss-authored
rénal,Des reins,bliss-authored
ovin,Relatif au mouton,bliss-authored
ovin,Bête à laine,bliss-authored
pou,Parasite du cuir chevelu,bliss-authored
pou,Insecte de la tête,bliss-authored
street,"Rue, en anglais",bliss-authored
street,"Voie urbaine, mot anglais",bliss-authored
stress,Tension nerveuse,bliss-authored
stress,"Pression, angoisse",bliss-authored
suivre,Aller derrière,bliss-authored
suivre,Accompagner,bliss-authored
adieu,Salut de départ,bliss-authored
adieu,Formule de séparation,bliss-authored
répartir,"Distribuer, partager",bliss-authored
répartir,Ventiler,bliss-authored
agité,"Nerveux, troublé",bliss-authored
agité,"Houleux, pour la mer",bliss-authored
rentrer,Revenir chez soi,bliss-authored
rentrer,Pénétrer à nouveau,bliss-authored
pine,"Membre viril, vulgaire",bliss-authored
pine,"Sexe masculin, en argot",bliss-authored
sceau,Cachet officiel,bliss-authored
sceau,Marque d'authenticité,bliss-authored
midi,Milieu du jour,bliss-authored
midi,Sud de la France,bliss-authored
astre,Corps céleste,bliss-authored
astre,Étoile ou planète,bliss-authored
zoo,Parc animalier,bliss-authored
zoo,Jardin des bêtes,bliss-authored
raz,Courant marin violent,bliss-authored
raz,Passage étroit entre écueils,bliss-authored
repérer,"Localiser, situer",bliss-authored
repérer,"Remarquer, déceler",bliss-authored
inde,Pays de Gandhi,bliss-authored
inde,Nation du Gange,bliss-authored
verdir,Devenir vert,bliss-authored
verdir,Pâlir de peur,bliss-authored
mise,"Enjeu, au poker",bliss-authored
mise,Tenue vestimentaire,bliss-authored
garnir,"Équiper, remplir",bliss-authored
garnir,Décorer un plat,bliss-authored
capter,Recevoir un signal,bliss-authored
capter,"Comprendre, en familier",bliss-authored
rob,Sirop de fruits concentré,bliss-authored
rob,Diminutif anglais de Robert,bliss-authored
luire,"Briller, scintiller",bliss-authored
luire,Émettre une lueur,bliss-authored
santé,Bien-être physique,bliss-authored
santé,État de l'organisme,bliss-authored
marin,Homme de mer,bliss-authored
marin,Relatif à la mer,bliss-authored
désir,"Envie, souhait",bliss-authored
désir,Convoitise,bliss-authored
arroser,Mouiller de liquide,bliss-authored
arroser,Fêter en buvant,bliss-authored
admettre,"Accepter, reconnaître",bliss-authored
admettre,Laisser entrer,bliss-authored
étape,"Halte, escale",bliss-authored
étape,Phase d'un parcours,bliss-authored
essayer,Tenter,bliss-authored
essayer,Enfiler pour voir,bliss-authored
tort,"Faute, erreur",bliss-authored
tort,Préjudice causé,bliss-authored
étain,Métal gris,bliss-authored
étain,Métal des couverts anciens,bliss-authored
écho,Répétition d'un son,bliss-authored
écho,Réverbération sonore,bliss-authored
rime,Consonance en poésie,bliss-authored
rime,Retour de sons en fin de vers,bliss-authored
harpe,Instrument à cordes pincées,bliss-authored
harpe,Grand instrument d'orchestre,bliss-authored
neuf,Chiffre après huit,bliss-authored
neuf,"Récent, jamais servi",bliss-authored
kit,Ensemble à monter soi-même,bliss-authored
kit,Prêt-à-monter,bliss-authored
sorte,"Espèce, genre",bliss-authored
sorte,Catégorie,bliss-authored
plat,Préparation culinaire,bliss-authored
plat,"Sans relief, uni",bliss-authored
attirer,"Séduire, appâter",bliss-authored
attirer,Faire venir à soi,bliss-authored
gant,Protection pour la main,bliss-authored
gant,Accessoire de boxe,bliss-authored
écrit,"Texte, document",bliss-authored
écrit,Épreuve d'examen,bliss-authored
vert,Couleur de l'herbe,bliss-authored
vert,Pas encore mûr,bliss-authored
tiret,Petit trait horizontal,bliss-authored
tiret,Signe de ponctuation,bliss-authored
orbe,"Globe, sphère",bliss-authored
orbe,Cercle décrit par un astre,bliss-authored
vertu,Qualité morale,bliss-authored
vertu,Chasteté,bliss-authored
paria,"Exclu, rejeté",bliss-authored
paria,"Intouchable, en Inde",bliss-authored
tertre,Petite butte,bliss-authored
tertre,Monticule de terre,bliss-authored
none,Heure liturgique de l'après-midi,bliss-authored
none,Office du milieu d'après-midi,bliss-authored
lou,Rugby lyonnais,bliss-authored
lou,Diminutif de Louise,bliss-authored
mlle,"Titre d'une jeune femme, en bref",bliss-authored
mlle,Abréviation de mademoiselle,bliss-authored
subir,"Endurer, supporter",bliss-authored
subir,Éprouver malgré soi,bliss-authored
serf,Paysan du Moyen Âge,bliss-authored
serf,Homme attaché à la terre,bliss-authored
manier,"Manipuler, utiliser",bliss-authored
manier,Se servir d'un outil,bliss-authored
étudier,"Apprendre, potasser",bliss-authored
étudier,Examiner attentivement,bliss-authored
cf,Renvoi dans un texte,bliss-authored
cf,"Confer, en abrégé",bliss-authored
muet,"Silencieux, sans voix",bliss-authored
muet,Qui ne parle pas,bliss-authored
hâter,Accélérer,bliss-authored
hâter,Faire aller plus vite,bliss-authored
db,Unité de niveau sonore,bliss-authored
db,Symbole du décibel,bliss-authored
dm,Symbole du décimètre,bliss-authored
dm,Dixième de mètre,bliss-authored
labo,Lieu d'expériences,bliss-authored
labo,"Salle de recherche, en bref",bliss-authored
iléon,Partie de l'intestin grêle,bliss-authored
iléon,Segment intestinal,bliss-authored
gh,Domaine internet du Ghana,bliss-authored
gh,Indicatif web d'un pays africain,bliss-authored
otite,Inflammation de l'oreille,bliss-authored
otite,Mal d'oreille,bliss-authored
jo,Sigle des Jeux olympiques,bliss-authored
jo,"Grand rendez-vous sportif, en bref",bliss-authored
jp,Domaine internet du Japon,bliss-authored
jp,"Le Japon, sur le web",bliss-authored
percevoir,Saisir par les sens,bliss-authored
percevoir,Encaisser un impôt,bliss-authored
kr,Domaine internet de la Corée,bliss-authored
kr,Symbole de la couronne scandinave,bliss-authored
musc,Parfum animal,bliss-authored
musc,Substance très odorante,bliss-authored
allié,Partenaire de guerre,bliss-authored
allié,Uni par un pacte,bliss-authored
oslo,Capitale norvégienne,bliss-authored
oslo,Ville de Norvège,bliss-authored
varia,Recueil de textes divers,bliss-authored
varia,"Changea, autrefois",bliss-authored
carène,Coque d'un navire,bliss-authored
carène,Partie immergée d'un bateau,bliss-authored
wc,Petit coin,bliss-authored
wc,Lieux d'aisances,bliss-authored
révéler,Faire connaître,bliss-authored
révéler,Dévoiler un secret,bliss-authored
edf,Fournisseur d'électricité français,bliss-authored
edf,Compagnie d'énergie hexagonale,bliss-authored
cher,Qui coûte beaucoup,bliss-authored
cher,Tendrement aimé,bliss-authored
soda,Boisson gazeuse,bliss-authored
soda,Limonade sucrée,bliss-authored
éclater,Exploser,bliss-authored
éclater,Se briser bruyamment,bliss-authored
geler,Transformer en glace,bliss-authored
geler,Figer par le froid,bliss-authored
menacer,Intimider,bliss-authored
menacer,Faire peur à,bliss-authored
repentir,Regret d'une faute,bliss-authored
repentir,Éprouver du remords,bliss-authored
ébahir,Stupéfier,bliss-authored
ébahir,Frapper d'étonnement,bliss-authored
trahir,Livrer à l'ennemi,bliss-authored
trahir,Manquer à sa parole,bliss-authored
récif,Écueil marin,bliss-authored
récif,Barrière de corail,bliss-authored
vtt,"Vélo tout-terrain, en sigle",bliss-authored
vtt,Bicyclette des chemins,bliss-authored
mess,Cantine militaire,bliss-authored
mess,Salle de repas des officiers,bliss-authored
entrée,Plat qui ouvre le repas,bliss-authored
entrée,Porte d'accès,bliss-authored
abri,Refuge,bliss-authored
abri,Lieu protégé,bliss-authored
œdème,Enflure,bliss-authored
œdème,Gonflement des tissus,bliss-authored
référer,En appeler à,bliss-authored
référer,Rapporter à une autorité,bliss-authored
trêve,Arrêt des combats,bliss-authored
trêve,Pause dans un conflit,bliss-authored
jurer,Affirmer sous serment,bliss-authored
jurer,Lâcher des jurons,bliss-authored
freiner,Ralentir,bliss-authored
freiner,Modérer l'élan,bliss-authored
voler,Se déplacer dans les airs,bliss-authored
voler,Dérober,bliss-authored
pore,Trou de la peau,bliss-authored
pore,Orifice minuscule,bliss-authored
foi,Croyance religieuse,bliss-authored
foi,Confiance absolue,bliss-authored
écume,Mousse des vagues,bliss-authored
écume,Bave blanchâtre,bliss-authored
perte,Ce qui est perdu,bliss-authored
perte,"Défaite, dommage",bliss-authored
saute,Brusque variation du vent,bliss-authored
saute,Change de place d'un bond,bliss-authored
choir,Tomber,bliss-authored
choir,Se laisser aller à terre,bliss-authored
mêlée,Phase du rugby,bliss-authored
mêlée,Combat confus,bliss-authored
café,Boisson noire matinale,bliss-authored
café,Bistrot de quartier,bliss-authored
môle,Jetée de pierre,bliss-authored
môle,Ouvrage protégeant un port,bliss-authored
arôme,Odeur agréable,bliss-authored
arôme,Parfum d'un plat,bliss-authored
tiède,Ni chaud ni froid,bliss-authored
tiède,Légèrement réchauffé,bliss-authored
traiter,Soigner un malade,bliss-authored
traiter,Négocier un accord,bliss-authored
émaner,Se dégager de,bliss-authored
émaner,Provenir de,bliss-authored
rosée,Humidité du matin,bliss-authored
rosée,Gouttes sur l'herbe,bliss-authored
pib,"Produit intérieur brut, en sigle",bliss-authored
pib,Mesure de la richesse d'un pays,bliss-authored
viril,Propre à l'homme,bliss-authored
viril,Plein de vigueur masculine,bliss-authored
zèle,Ardeur au travail,bliss-authored
zèle,Empressement excessif,bliss-authored
neveu,Fils du frère,bliss-authored
neveu,Enfant de la sœur,bliss-authored
recevoir,Obtenir,bliss-authored
recevoir,Accueillir chez soi,bliss-authored
panse,Gros ventre rebondi,bliss-authored
panse,Bedaine,bliss-authored
aval,Vers l'embouchure,bliss-authored
aval,"Garantie, caution",bliss-authored
plaire,Être agréable,bliss-authored
plaire,Séduire,bliss-authored
menée,Manœuvre secrète,bliss-authored
menée,Intrigue sourde,bliss-authored
roof,Superstructure d'un bateau,bliss-authored
roof,"Toit, mot anglais",bliss-authored
hase,Femelle du lièvre,bliss-authored
hase,Mère du levraut,bliss-authored
sauf,Excepté,bliss-authored
sauf,Hors de danger,bliss-authored
année,Douze mois,bliss-authored
année,Période de 365 jours,bliss-authored
atone,Sans accent tonique,bliss-authored
atone,"Sans énergie, morne",bliss-authored
anna,Prénom féminin palindrome,bliss-authored
anna,Ancienne monnaie indienne,bliss-authored
hennir,"Crier, en parlant du cheval",bliss-authored
hennir,Lancer son cri équin,bliss-authored
raton,Petit rat,bliss-authored
raton,"... laveur, mammifère masqué",bliss-authored
couper,Trancher,bliss-authored
couper,Sectionner,bliss-authored
acote,Appuie contre un support,bliss-authored
acote,"Cale, soutient",bliss-authored
rôder,Errer avec de mauvaises intentions,bliss-authored
rôder,Traîner alentour,bliss-authored
mire,Point visé,bliss-authored
mire,Image de réglage télé,bliss-authored
siège,Meuble pour s'asseoir,bliss-authored
siège,Blocus d'une ville,bliss-authored
mali,Pays du Sahel,bliss-authored
mali,État d'Afrique,bliss-authored
adage,Maxime populaire,bliss-authored
adage,"Dicton, sentence",bliss-authored
route,Voie de circulation,bliss-authored
route,Chemin carrossable,bliss-authored
stèle,Pierre commémorative,bliss-authored
stèle,Monument funéraire dressé,bliss-authored
marc,Dépôt au fond du café,bliss-authored
marc,Eau-de-vie de raisin,bliss-authored
triste,Morose,bliss-authored
triste,Plein de chagrin,bliss-authored
désert,Étendue de sable,bliss-authored
désert,Région aride,bliss-authored
truie,Femelle du porc,bliss-authored
truie,Mère des porcelets,bliss-authored
égaler,Être aussi fort que,bliss-authored
égaler,Atteindre le même niveau,bliss-authored
urss,"Ex-empire soviétique, en sigle",bliss-authored
urss,Ancienne union communiste,bliss-authored
piano,Instrument à touches,bliss-authored
piano,"Doucement, en musique",bliss-authored
pente,Inclinaison d'un terrain,bliss-authored
pente,Déclivité,bliss-authored
grief,Reproche,bliss-authored
grief,Motif de plainte,bliss-authored
suv,Véhicule surélevé de loisir,bliss-authored
suv,"Tout-terrain de ville, en sigle",bliss-authored
tsetse,Mouche africaine,bliss-authored
tsetse,Insecte de la maladie du sommeil,bliss-authored
reste,Ce qui demeure,bliss-authored
reste,Différence d'une soustraction,bliss-authored
bus,Transport en commun urbain,bliss-authored
bus,Grand véhicule à arrêts,bliss-authored
élaborer,Concevoir avec soin,bliss-authored
élaborer,Mettre au point,bliss-authored
tour,Édifice élevé,bliss-authored
tour,Mouvement circulaire,bliss-authored
initié,Introduit dans un savoir secret,bliss-authored
initié,Mis au courant des mystères,bliss-authored
laser,Faisceau lumineux concentré,bliss-authored
laser,Rayon amplifié,bliss-authored
rage,Maladie du chien mordant,bliss-authored
rage,Fureur violente,bliss-authored
clerc,Employé de notaire,bliss-authored
clerc,Homme d'Église,bliss-authored
rand,Monnaie sud-africaine,bliss-authored
rand,Devise de Pretoria,bliss-authored
renard,Rusé mammifère roux,bliss-authored
renard,Goupil des fables,bliss-authored
cdi,Contrat de travail stable,bliss-authored
cdi,Emploi sans terme fixe,bliss-authored
décroître,Diminuer peu à peu,bliss-authored
décroître,Aller en baissant,bliss-authored
écran,Surface d'affichage,bliss-authored
écran,Toile de cinéma,bliss-authored
coq,Mâle de la poule,bliss-authored
coq,Emblème de la France,bliss-authored
ordo,Calendrier liturgique,bliss-authored
ordo,"Prescription, familièrement",bliss-authored
orge,Céréale à bière,bliss-authored
orge,Grain pour la brasserie,bliss-authored
éterniser,Faire durer trop longtemps,bliss-authored
éterniser,Prolonger sans fin,bliss-authored
tenon,Partie mâle d'un assemblage,bliss-authored
tenon,S'emboîte dans la mortaise,bliss-authored
amuser,Divertir,bliss-authored
amuser,Faire passer le temps agréablement,bliss-authored
dame,Femme respectable,bliss-authored
dame,Reine aux échecs,bliss-authored
garder,Surveiller,bliss-authored
garder,Conserver,bliss-authored
lever,Ôter du lit,bliss-authored
lever,Dresser vers le haut,bliss-authored
ukase,Décret du tsar,bliss-authored
ukase,Ordre impératif,bliss-authored
larme,Goutte de chagrin,bliss-authored
larme,Toute petite quantité,bliss-authored
ensevelir,Mettre en terre,bliss-authored
ensevelir,Recouvrir entièrement,bliss-authored
mérite,Valeur d'une personne,bliss-authored
mérite,Ce qui rend digne d'estime,bliss-authored
dey,Ancien gouverneur d'Alger,bliss-authored
dey,Chef de la régence d'Alger,bliss-authored
bo,"Musique de film, en sigle",bliss-authored
bo,Bande son d'un long-métrage,bliss-authored
ch,"Cheval-vapeur, en abrégé",bliss-authored
ch,"La Suisse, sur les plaques",bliss-authored
lys,Fleur royale,bliss-authored
lys,Emblème des rois de France,bliss-authored
russe,De Moscou,bliss-authored
russe,Langue slave de l'Est,bliss-authored
fm,Modulation de fréquence,bliss-authored
fm,Bande de la radio,bliss-authored
ho,Interjection pour appeler,bliss-authored
ho,Cri d'étonnement,bliss-authored
dol,Tromperie en droit,bliss-authored
dol,Manœuvre frauduleuse,bliss-authored
arène,Piste de corrida,bliss-authored
arène,Lieu de combat des gladiateurs,bliss-authored
mh,Marque d'hésitation,bliss-authored
mh,"Millihenry, en abrégé",bliss-authored
duc,Titre de noblesse,bliss-authored
duc,Rapace nocturne,bliss-authored
qi,Souffle vital chinois,bliss-authored
qi,Mesure de l'intelligence,bliss-authored
tige,Partie de la plante,bliss-authored
tige,Barre métallique fine,bliss-authored
rompre,Briser,bliss-authored
rompre,Mettre fin à une relation,bliss-authored
évacuer,Faire sortir,bliss-authored
évacuer,Vider les lieux,bliss-authored
pneu,Bandage de roue,bliss-authored
pneu,Il se gonfle d'air,bliss-authored
tram,Transport sur rails urbain,bliss-authored
tram,Voiture électrique de ville,bliss-authored
peul,Peuple d'Afrique de l'Ouest,bliss-authored
peul,Berger nomade du Sahel,bliss-authored
peur,Frayeur,bliss-authored
peur,Crainte vive,bliss-authored
genêt,Arbuste à fleurs jaunes,bliss-authored
genêt,Plante des landes,bliss-authored
animé,Plein d'entrain,bliss-authored
animé,Où règne l'agitation,bliss-authored
entier,Complet,bliss-authored
entier,Nombre sans virgule,bliss-authored
même,Identique,bliss-authored
même,Pareil,bliss-authored
méfier,Ne pas faire confiance,bliss-authored
méfier,Rester sur ses gardes,bliss-authored
mémo,Note de service,bliss-authored
mémo,Pense-bête,bliss-authored
mélo,Drame sentimental,bliss-authored
mélo,Film larmoyant,bliss-authored
étuve,Salle de vapeur chaude,bliss-authored
étuve,Appareil de stérilisation,bliss-authored
punir,Sanctionner,bliss-authored
punir,Infliger une peine,bliss-authored
eux,Pronom masculin pluriel,bliss-authored
eux,Ces hommes-là,bliss-authored
recel,Détention d'objets volés,bliss-authored
recel,Délit du profiteur de vol,bliss-authored
ruée,Mouvement de foule soudain,bliss-authored
ruée,Course vers l'or,bliss-authored
taxe,Impôt,bliss-authored
taxe,Prélèvement obligatoire,bliss-authored
gravir,Monter avec effort,bliss-authored
gravir,Escalader une pente,bliss-authored
Ampère,Unité d'intensité électrique,bliss-authored
Ampère,Physicien français de l'électricité,bliss-authored
jeep,Véhicule tout-terrain,bliss-authored
jeep,Auto militaire robuste,bliss-authored
sirop,Boisson sucrée concentrée,bliss-authored
sirop,Remède contre la toux,bliss-authored
manie,Habitude bizarre,bliss-authored
manie,Obsession tenace,bliss-authored
aviso,Petit navire de guerre,bliss-authored
aviso,Bâtiment d'escorte,bliss-authored
atlas,Recueil de cartes,bliss-authored
atlas,Première vertèbre du cou,bliss-authored
nappe,Linge de table,bliss-authored
nappe,Étendue d'eau souterraine,bliss-authored
satire,Écrit moqueur,bliss-authored
satire,Critique railleuse,bliss-authored
fiv,Fécondation en éprouvette,bliss-authored
fiv,Technique de procréation assistée,bliss-authored
oued,Rivière du désert,bliss-authored
oued,Cours d'eau nord-africain,bliss-authored
nasal,Du nez,bliss-authored
nasal,Son qui passe par le nez,bliss-authored
rôtir,Cuire à feu vif,bliss-authored
rôtir,Faire dorer au four,bliss-authored
cric,Levier pour soulever l'auto,bliss-authored
cric,Outil du changement de roue,bliss-authored
siéger,Tenir séance,bliss-authored
siéger,Faire partie d'une assemblée,bliss-authored
saisie,Prise par la justice,bliss-authored
saisie,Entrée de données au clavier,bliss-authored
came,Pièce mécanique excentrée,bliss-authored
came,"Drogue, en argot",bliss-authored
loger,Héberger,bliss-authored
loger,Donner un toit,bliss-authored
panser,Soigner une plaie,bliss-authored
panser,Nettoyer un cheval,bliss-authored
éluder,Éviter habilement,bliss-authored
éluder,Esquiver une question,bliss-authored
cape,Manteau sans manches,bliss-authored
cape,Vêtement de Zorro,bliss-authored
osier,Branche à vannerie,bliss-authored
osier,Il sert à tresser les paniers,bliss-authored
sauver,Tirer du danger,bliss-authored
sauver,Porter secours,bliss-authored
encre,Liquide du stylo,bliss-authored
encre,Elle sort du calmar,bliss-authored
clair,Lumineux,bliss-authored
clair,Facile à comprendre,bliss-authored
rêve,Songe nocturne,bliss-authored
rêve,Aspiration idéale,bliss-authored
dépérir,Perdre ses forces,bliss-authored
dépérir,S'affaiblir peu à peu,bliss-authored
issue,Sortie de secours,bliss-authored
issue,Résultat final,bliss-authored
proie,Victime du prédateur,bliss-authored
proie,Ce que chasse le rapace,bliss-authored
séreux,Relatif au sérum,bliss-authored
séreux,Qui produit un liquide organique,bliss-authored
expier,Réparer une faute,bliss-authored
expier,Payer pour ses péchés,bliss-authored
peine,Chagrin,bliss-authored
peine,Sanction judiciaire,bliss-authored
rédiger,Mettre par écrit,bliss-authored
rédiger,Composer un texte,bliss-authored
épître,Lettre solennelle,bliss-authored
épître,Missive des apôtres,bliss-authored
droit,Permis par la loi,bliss-authored
droit,Opposé de gauche,bliss-authored
script,Texte d'un film,bliss-authored
script,Écriture en lettres détachées,bliss-authored
amen,Ainsi soit-il,bliss-authored
amen,Mot final d'une prière,bliss-authored
salin,Qui contient du sel,bliss-authored
salin,Bassin à récolter le sel,bliss-authored
léguer,Transmettre par testament,bliss-authored
léguer,Laisser en héritage,bliss-authored
ennuyer,Lasser,bliss-authored
ennuyer,Importuner,bliss-authored
caste,Classe sociale fermée,bliss-authored
caste,Groupe héréditaire en Inde,bliss-authored
saule,Arbre pleureur,bliss-authored
saule,Arbre du bord de l'eau,bliss-authored
aveu,Reconnaissance d'une faute,bliss-authored
aveu,Confession d'un coupable,bliss-authored
émané,Qui provient,bliss-authored
émané,"Dégagé, en parlant d'une odeur",bliss-authored
désunir,Séparer,bliss-authored
désunir,Semer la discorde,bliss-authored
avis,Opinion,bliss-authored
avis,Annonce officielle,bliss-authored
rabattre,Faire retomber,bliss-authored
rabattre,Pousser le gibier vers les chasseurs,bliss-authored
rond,De forme circulaire,bliss-authored
rond,"Sou, familièrement",bliss-authored
hart,Lien pour fagots,bliss-authored
hart,Corde de la pendaison,bliss-authored
jouir,Éprouver du plaisir,bliss-authored
jouir,Profiter pleinement,bliss-authored
mossi,Peuple du Burkina Faso,bliss-authored
mossi,Ethnie d'Afrique de l'Ouest,bliss-authored
ennui,Lassitude profonde,bliss-authored
ennui,"Contrariété, souci",bliss-authored
thèse,Travail de doctorat,bliss-authored
thèse,Opinion à défendre,bliss-authored
mense,Revenu ecclésiastique,bliss-authored
mense,Bien d'un évêché,bliss-authored
pain,Aliment du boulanger,bliss-authored
pain,Il sort du four,bliss-authored
pâle,Sans couleur,bliss-authored
pâle,Blafard,bliss-authored
xiii,Treize en chiffres romains,bliss-authored
xiii,Douze plus un,bliss-authored
dose,Quantité de médicament,bliss-authored
dose,Portion mesurée,bliss-authored
enfuir,Prendre la fuite,bliss-authored
enfuir,Se sauver au loin,bliss-authored
meute,Troupe de chiens,bliss-authored
meute,Groupe de poursuivants,bliss-authored
avarie,Dommage à un navire,bliss-authored
avarie,Dégât matériel,bliss-authored
afro,Coiffure crépue,bliss-authored
afro,Style capillaire,bliss-authored
abstenir,Ne pas voter,bliss-authored
abstenir,Se priver de quelque chose,bliss-authored
saleté,Manque de propreté,bliss-authored
saleté,"Ordure, crasse",bliss-authored
durée,Laps de temps,bliss-authored
durée,Le temps que ça prend,bliss-authored
mana,Force spirituelle,bliss-authored
mana,Pouvoir surnaturel océanien,bliss-authored
insu,Sans qu'on le sache,bliss-authored
insu,En cachette de quelqu'un,bliss-authored
opep,Cartel du pétrole,bliss-authored
opep,Pays exportateurs réunis,bliss-authored
maire,Élu de la commune,bliss-authored
maire,Premier magistrat municipal,bliss-authored
trame,Fils de la toile,bliss-authored
trame,Canevas d'un récit,bliss-authored
icône,Image sainte,bliss-authored
icône,Symbole vénéré,bliss-authored
fête,Jour de réjouissance,bliss-authored
fête,Célébration joyeuse,bliss-authored
radis,Petit légume rose,bliss-authored
radis,Il croque à l'apéritif,bliss-authored
cause,Origine d'un effet,bliss-authored
cause,Affaire à défendre,bliss-authored
agio,Frais bancaires,bliss-authored
agio,Intérêt de découvert,bliss-authored
seuil,Pas de la porte,bliss-authored
seuil,Limite à franchir,bliss-authored
geste,Mouvement du bras,bliss-authored
geste,Signe de la main,bliss-authored
danser,Bouger en rythme,bliss-authored
danser,Évoluer sur la piste,bliss-authored
tôle,Plaque de métal,bliss-authored
tôle,"Prison, en argot",bliss-authored
tong,Sandale de plage,bliss-authored
tong,Claquette d'été,bliss-authored
tome,Volume d'un ouvrage,bliss-authored
tome,Partie d'une série de livres,bliss-authored
laisser,Ne pas emporter,bliss-authored
laisser,"Permettre, autoriser",bliss-authored
mitre,Coiffe d'évêque,bliss-authored
mitre,Ornement de cheminée,bliss-authored
assiéger,Encercler une ville,bliss-authored
assiéger,Cerner de toutes parts,bliss-authored
verger,Champ d'arbres fruitiers,bliss-authored
verger,Il donne des pommes,bliss-authored
échec,Insuccès total,bliss-authored
échec,Revers cuisant,bliss-authored
suie,Noir de cheminée,bliss-authored
suie,Résidu de fumée,bliss-authored
sursis,Délai accordé,bliss-authored
sursis,Peine non appliquée,bliss-authored
gain,Bénéfice réalisé,bliss-authored
gain,Ce qu'on empoche,bliss-authored
autre,"Différent, distinct",bliss-authored
autre,Pas le même,bliss-authored
liant,Substance qui agglomère,bliss-authored
liant,D'un caractère sociable,bliss-authored
elfe,Génie des légendes,bliss-authored
elfe,Petit être féerique,bliss-authored
cac,Indice boursier parisien,bliss-authored
cac,Repère de la Bourse,bliss-authored
rang,Place dans une file,bliss-authored
rang,Position hiérarchique,bliss-authored
alinéa,Retrait de ligne,bliss-authored
alinéa,Passage d'un texte,bliss-authored
alter,"Autre, en latin",bliss-authored
alter,"___ ego, un autre soi",bliss-authored
enrôler,Recruter un soldat,bliss-authored
enrôler,Engager dans l'armée,bliss-authored
navire,Grand bateau,bliss-authored
navire,Il vogue sur les mers,bliss-authored
acide,Au goût aigre,bliss-authored
acide,Contraire de base,bliss-authored
vent,Air en mouvement,bliss-authored
vent,Souffle d'Éole,bliss-authored
tâcher,S'efforcer de,bliss-authored
tâcher,Faire son possible,bliss-authored
ratp,Réseau du métro parisien,bliss-authored
ratp,Régie des transports,bliss-authored
drap,Linge de lit,bliss-authored
drap,Il couvre le matelas,bliss-authored
détenir,Garder en prison,bliss-authored
détenir,Avoir en sa possession,bliss-authored
ceste,Gant du pugiliste antique,bliss-authored
ceste,Arme du boxeur romain,bliss-authored
refuser,Dire non,bliss-authored
refuser,Rejeter une offre,bliss-authored
deviner,Trouver par intuition,bliss-authored
deviner,Pressentir l'avenir,bliss-authored
noce,Fête du mariage,bliss-authored
noce,Grande bombance,bliss-authored
ouate,Coton hydrophile,bliss-authored
ouate,Doublure moelleuse,bliss-authored
lias,Étage du jurassique,bliss-authored
lias,Terrain géologique,bliss-authored
ténor,Voix d'homme aiguë,bliss-authored
ténor,Chanteur d'opéra,bliss-authored
pénal,Relatif aux délits,bliss-authored
pénal,Du droit des peines,bliss-authored
monter,Aller vers le haut,bliss-authored
monter,Gravir une pente,bliss-authored
daim,Cervidé des bois,bliss-authored
daim,Cuir suédé,bliss-authored
souper,Repas du soir,bliss-authored
souper,Dîner tardif,bliss-authored
émerger,Sortir de l'eau,bliss-authored
émerger,Apparaître au grand jour,bliss-authored
aigu,"Perçant, strident",bliss-authored
aigu,Angle de moins de 90°,bliss-authored
titane,Métal léger et résistant,bliss-authored
titane,Élément numéro 22,bliss-authored
date,Jour du calendrier,bliss-authored
date,Repère dans le temps,bliss-authored
côté,Face d'un objet,bliss-authored
côté,À gauche ou à droite,bliss-authored
aimé,"Chéri, adoré",bliss-authored
aimé,Objet de tendresse,bliss-authored
lime,Outil qui râpe,bliss-authored
lime,Citron vert,bliss-authored
épuiser,Vider entièrement,bliss-authored
épuiser,Fatiguer à l'extrême,bliss-authored
dix,Chiffre après neuf,bliss-authored
dix,Une dizaine,bliss-authored
dl,Dixième de litre,bliss-authored
dl,Mesure de volume,bliss-authored
adresser,Envoyer à quelqu'un,bliss-authored
adresser,Faire parvenir,bliss-authored
camper,Planter la tente,bliss-authored
camper,Vivre sous la toile,bliss-authored
hz,Unité de fréquence,bliss-authored
hz,Cycles par seconde,bliss-authored
raide,"Rigide, tendu",bliss-authored
raide,"Escarpé, abrupt",bliss-authored
craie,Bâton du tableau,bliss-authored
craie,Calcaire tendre,bliss-authored
paume,Creux de la main,bliss-authored
paume,Jeu de balle ancien,bliss-authored
oasis,Îlot verdoyant du désert,bliss-authored
oasis,Point d'eau dans le sable,bliss-authored
muse,Inspiratrice du poète,bliss-authored
muse,Divinité des arts,bliss-authored
lama,Camélidé des Andes,bliss-authored
lama,Moine tibétain,bliss-authored
ph,Mesure d'acidité,bliss-authored
ph,Échelle de 0 à 14,bliss-authored
crise,Période difficile,bliss-authored
crise,Accès soudain,bliss-authored
carême,Jeûne avant Pâques,bliss-authored
carême,Quarante jours d'abstinence,bliss-authored
watt,Unité de puissance,bliss-authored
watt,Puissance d'une lampe,bliss-authored
écart,Distance entre deux,bliss-authored
écart,"Différence, intervalle",bliss-authored
résulter,Découler de,bliss-authored
résulter,S'ensuivre logiquement,bliss-authored
roidir,Rendre inflexible,bliss-authored
roidir,Contracter ses muscles,bliss-authored
scion,Jeune pousse,bliss-authored
scion,Bout de la canne à pêche,bliss-authored
évier,Bac de la cuisine,bliss-authored
évier,On y lave la vaisselle,bliss-authored
spore,Semence du champignon,bliss-authored
spore,Cellule reproductrice,bliss-authored
abat,"Fait tomber, renverse",bliss-authored
abat,Grosse averse soudaine,bliss-authored
gelée,Confiture translucide,bliss-authored
gelée,Froid qui blanchit l'herbe,bliss-authored
figer,Rendre immobile,bliss-authored
figer,"Coaguler, solidifier",bliss-authored
essieu,Axe des roues,bliss-authored
essieu,Barre du train roulant,bliss-authored
chéri,Être aimé,bliss-authored
chéri,Terme de tendresse,bliss-authored
pâtre,Gardien de troupeau,bliss-authored
pâtre,Berger des montagnes,bliss-authored
menu,De petite taille,bliss-authored
menu,Carte du restaurant,bliss-authored
abolir,Supprimer une loi,bliss-authored
abolir,Mettre fin à,bliss-authored
mets,Plat cuisiné,bliss-authored
mets,Nourriture servie,bliss-authored
jean,Pantalon en toile,bliss-authored
jean,Prénom masculin,bliss-authored
vaincre,L'emporter sur,bliss-authored
vaincre,Battre l'adversaire,bliss-authored
dicter,Imposer sa volonté,bliss-authored
dicter,Lire pour faire écrire,bliss-authored
arriver,Parvenir au but,bliss-authored
arriver,"Se produire, survenir",bliss-authored
ciel,Voûte céleste,bliss-authored
ciel,Séjour des dieux,bliss-authored
famé,Bien ou mal réputé,bliss-authored
famé,Qui a une réputation,bliss-authored
opéré,Passé au bloc,bliss-authored
opéré,Ayant subi une intervention,bliss-authored
opéra,Œuvre lyrique,bliss-authored
opéra,Théâtre de Paris,bliss-authored
polo,Chemise à col,bliss-authored
polo,Sport à cheval,bliss-authored
accu,Pile rechargeable,bliss-authored
accu,Réserve d'énergie,bliss-authored
ibis,Oiseau échassier,bliss-authored
ibis,Volatile du Nil,bliss-authored
rumen,Panse du ruminant,bliss-authored
rumen,Premier estomac de la vache,bliss-authored
sénile,Affaibli par l'âge,bliss-authored
sénile,Propre au grand vieillard,bliss-authored
délier,Défaire un nœud,bliss-authored
délier,Dégager d'un engagement,bliss-authored
acmé,Point culminant,bliss-authored
acmé,Sommet d'une crise,bliss-authored
fut,Verbe être au passé,bliss-authored
fut,Il exista jadis,bliss-authored
cabane,Abri de jardin,bliss-authored
cabane,Petite habitation rustique,bliss-authored
alléger,Rendre moins lourd,bliss-authored
alléger,Diminuer la charge,bliss-authored
crin,Poil de cheval,bliss-authored
crin,Fibre de l'archet,bliss-authored
épave,Navire échoué,bliss-authored
épave,Débris en mer,bliss-authored
cale,Fond du navire,bliss-authored
cale,Coin qui bloque,bliss-authored
mois,Douzième de l'année,bliss-authored
mois,Trente jours environ,bliss-authored
camp,Lieu de bivouac,bliss-authored
camp,Groupe adverse,bliss-authored
ratio,Rapport de deux nombres,bliss-authored
ratio,Proportion chiffrée,bliss-authored
pesage,Contrôle du poids,bliss-authored
pesage,Formalité avant la course,bliss-authored
more,Ancien habitant du désert,bliss-authored
more,Musulman du Maghreb,bliss-authored
boss,Chef d'entreprise,bliss-authored
boss,"Patron, en anglais",bliss-authored
moral,État d'esprit,bliss-authored
moral,Conforme aux mœurs,bliss-authored
odeur,Émanation olfactive,bliss-authored
odeur,Perçue par le nez,bliss-authored
tribu,Groupe ethnique,bliss-authored
tribu,Communauté familiale,bliss-authored
nazi,Partisan d'Hitler,bliss-authored
nazi,Adepte du IIIe Reich,bliss-authored
latino,Originaire d'Amérique du Sud,bliss-authored
latino,Style musical dansant,bliss-authored
déco,Style des années folles,bliss-authored
déco,Aménagement intérieur,bliss-authored
loess,Limon fertile,bliss-authored
loess,Dépôt éolien fin,bliss-authored
genre,"Catégorie, espèce",bliss-authored
genre,Masculin ou féminin,bliss-authored
terme,Fin d'une échéance,bliss-authored
terme,"Mot, expression",bliss-authored
déni,Refus d'admettre,bliss-authored
déni,Négation de la réalité,bliss-authored
venger,Laver un affront,bliss-authored
venger,Réparer une offense,bliss-authored
cotte,Tunique de mailles,bliss-authored
cotte,Habit de travail,bliss-authored
frémir,Trembler légèrement,bliss-authored
frémir,Commencer à bouillir,bliss-authored
coton,Fibre textile blanche,bliss-authored
coton,Bourre végétale blanche,bliss-authored
enlever,"Ôter, retirer",bliss-authored
enlever,Kidnapper quelqu'un,bliss-authored
haie,Clôture végétale,bliss-authored
haie,Obstacle à sauter,bliss-authored
endormir,Plonger dans le sommeil,bliss-authored
endormir,Anesthésier avant l'opération,bliss-authored
éther,Anesthésiant volatil,bliss-authored
éther,Fluide cosmique ancien,bliss-authored
nuplet,Suite ordonnée de valeurs,bliss-authored
nuplet,Groupe de n éléments,bliss-authored
aigri,Devenu amer,bliss-authored
aigri,Plein de rancœur,bliss-authored
dénier,Refuser de reconnaître,bliss-authored
dénier,Contester un droit,bliss-authored
turc,Habitant d'Ankara,bliss-authored
turc,Langue d'Anatolie,bliss-authored
sécréter,Produire un liquide,bliss-authored
sécréter,"Exsuder, distiller",bliss-authored
baser,Fonder sur,bliss-authored
baser,Établir un principe,bliss-authored
erroné,"Faux, inexact",bliss-authored
erroné,Entaché d'erreur,bliss-authored
sang,Liquide vital rouge,bliss-authored
sang,Il circule dans les veines,bliss-authored
borner,Limiter un terrain,bliss-authored
borner,Poser des repères,bliss-authored
auteur,Écrivain d'un livre,bliss-authored
auteur,Responsable d'un acte,bliss-authored
réfuter,Démontrer le faux,bliss-authored
réfuter,Contredire par preuves,bliss-authored
avoine,Céréale du cheval,bliss-authored
avoine,Graminée fourragère,bliss-authored
pile,Source de courant,bliss-authored
pile,Face d'une monnaie,bliss-authored
cadet,Le plus jeune,bliss-authored
cadet,Second des enfants,bliss-authored
diviser,Partager en parts,bliss-authored
diviser,Semer la discorde,bliss-authored
sinus,Cavité du crâne,bliss-authored
sinus,Fonction trigonométrique,bliss-authored
suite,Ce qui vient après,bliss-authored
suite,Appartement d'hôtel,bliss-authored
veine,Vaisseau sanguin,bliss-authored
veine,Chance inespérée,bliss-authored
toast,Pain grillé,bliss-authored
toast,Discours de fête,bliss-authored
séance,Réunion de travail,bliss-authored
séance,Représentation au cinéma,bliss-authored
bien,De façon correcte,bliss-authored
bien,Ce qui est bon,bliss-authored
doré,Couleur de l'or,bliss-authored
doré,Recouvert d'or,bliss-authored
clou,Pointe à enfoncer,bliss-authored
clou,Moment fort du spectacle,bliss-authored
pavé,Bloc de la chaussée,bliss-authored
pavé,Gros livre épais,bliss-authored
mine,Gisement souterrain,bliss-authored
mine,Expression du visage,bliss-authored
zut,Cri de dépit,bliss-authored
zut,Interjection d'agacement,bliss-authored
inclure,Contenir en soi,bliss-authored
inclure,Faire entrer dans,bliss-authored
cuir,Peau tannée,bliss-authored
cuir,Matière du maroquinier,bliss-authored
initier,Mettre au courant,bliss-authored
initier,Amorcer un processus,bliss-authored
valse,Danse à trois temps,bliss-authored
valse,Musique tournoyante,bliss-authored
loir,Rongeur dormeur,bliss-authored
loir,Il hiberne longtemps,bliss-authored
pondre,Déposer un œuf,bliss-authored
pondre,"Produire, rédiger",bliss-authored
tract,Feuillet de propagande,bliss-authored
tract,Papillon militant,bliss-authored
marée,Montée de la mer,bliss-authored
marée,Flux et reflux,bliss-authored
répit,"Pause, repos",bliss-authored
répit,Moment de trêve,bliss-authored
mars,Planète rouge,bliss-authored
mars,Troisième mois,bliss-authored
loto,Jeu de hasard,bliss-authored
loto,Tirage de numéros,bliss-authored
nacre,Revêtement de la coquille,bliss-authored
nacre,Matière irisée de la perle,bliss-authored
radio,Poste récepteur,bliss-authored
radio,Cliché des os,bliss-authored
retracer,Raconter en détail,bliss-authored
retracer,Redessiner un parcours,bliss-authored
assiégé,Encerclé par l'ennemi,bliss-authored
assiégé,Cerné de toutes parts,bliss-authored
sdf,Personne sans logis,bliss-authored
sdf,Vivant dans la rue,bliss-authored
opus,Œuvre musicale,bliss-authored
opus,Numéro de partition,bliss-authored
bey,Gouverneur ottoman,bliss-authored
bey,Souverain de Tunis,bliss-authored
manger,Prendre son repas,bliss-authored
manger,Se nourrir,bliss-authored
rareté,Qualité de l'unique,bliss-authored
rareté,Chose peu commune,bliss-authored
inciter,Pousser à faire,bliss-authored
inciter,Encourager vivement,bliss-authored
drapé,Couvert d'un tissu,bliss-authored
drapé,Enveloppé d'une étoffe,bliss-authored
usage,Emploi qu'on en fait,bliss-authored
usage,Coutume établie,bliss-authored
slip,Sous-vêtement masculin,bliss-authored
slip,Petit maillot de bain,bliss-authored
nieme,Rang quelconque d'une série,bliss-authored
nieme,Ordinal indéterminé,bliss-authored
guérir,Recouvrer la santé,bliss-authored
guérir,Soigner avec succès,bliss-authored
aimant,Attire le fer,bliss-authored
aimant,Plein de tendresse,bliss-authored
goûter,Repas de l'après-midi,bliss-authored
goûter,Apprécier une saveur,bliss-authored
épouser,Prendre pour conjoint,bliss-authored
épouser,Se marier,bliss-authored
canon,Pièce d'artillerie,bliss-authored
canon,Modèle de beauté,bliss-authored
émigré,Personne exilée,bliss-authored
émigré,Parti vivre ailleurs,bliss-authored
dette,Somme à rembourser,bliss-authored
dette,Argent dû,bliss-authored
solder,Vendre au rabais,bliss-authored
solder,Régler un compte,bliss-authored
héroïne,Femme admirable,bliss-authored
héroïne,Drogue dure,bliss-authored
girl,"Fille, mot anglais",bliss-authored
girl,Danseuse de revue,bliss-authored
liais,Attachais autrefois,bliss-authored
liais,Calcaire dur de taille,bliss-authored
réserver,Retenir à l'avance,bliss-authored
réserver,Mettre de côté,bliss-authored
receler,Cacher un objet volé,bliss-authored
receler,Contenir en soi,bliss-authored
récuser,Refuser un juge,bliss-authored
récuser,Contester la validité,bliss-authored
gagner,Remporter la victoire,bliss-authored
gagner,Toucher un salaire,bliss-authored
agraire,Relatif aux terres,bliss-authored
agraire,Qui concerne les champs,bliss-authored
œuvrer,Travailler à une tâche,bliss-authored
œuvrer,Agir pour un but,bliss-authored
essaim,Groupe d'abeilles,bliss-authored
essaim,Nuée d'insectes,bliss-authored
cnrs,Organisme de recherche,bliss-authored
cnrs,Institut scientifique français,bliss-authored
plie,Poisson plat de mer,bliss-authored
plie,Fléchit sous le poids,bliss-authored
nœud,Entrelacement de corde,bliss-authored
nœud,Unité de vitesse marine,bliss-authored
hutu,Peuple du Rwanda,bliss-authored
hutu,Ethnie d'Afrique centrale,bliss-authored
écrin,Boîte à bijoux,bliss-authored
écrin,Coffret précieux,bliss-authored
étoile,Astre brillant,bliss-authored
étoile,Vedette de cinéma,bliss-authored
chn,Sigle de trois lettres,bliss-authored
chn,Abréviation,bliss-authored
apposer,Mettre sa signature,bliss-authored
apposer,Placer contre,bliss-authored
raison,Faculté de penser,bliss-authored
raison,Motif d'un acte,bliss-authored
pleurer,Verser des larmes,bliss-authored
pleurer,Se lamenter,bliss-authored
scène,Plateau de théâtre,bliss-authored
scène,Partie d'un acte,bliss-authored
guider,Montrer le chemin,bliss-authored
guider,Diriger quelqu'un,bliss-authored
curée,Part donnée aux chiens,bliss-authored
curée,Ruée sur les dépouilles,bliss-authored
rave,Racine comestible,bliss-authored
rave,Fête techno nocturne,bliss-authored
resserrer,Rendre plus étroit,bliss-authored
resserrer,Contracter de nouveau,bliss-authored
daigner,Condescendre à faire,bliss-authored
daigner,Vouloir bien,bliss-authored
veuf,Homme sans épouse,bliss-authored
veuf,Conjoint survivant,bliss-authored
alerte,Signal de danger,bliss-authored
alerte,Vif et agile,bliss-authored
cocu,Mari trompé,bliss-authored
cocu,Berné par sa femme,bliss-authored
verse,Répand un liquide,bliss-authored
verse,Pluie battante,bliss-authored
rival,Concurrent direct,bliss-authored
rival,Adversaire en amour,bliss-authored
seigle,Céréale à pain noir,bliss-authored
seigle,Graminée cultivée,bliss-authored
esprit,Faculté de penser,bliss-authored
esprit,"Fantôme, revenant",bliss-authored
orme,Arbre à bois dur,bliss-authored
orme,Grand feuillu,bliss-authored
lien,Ce qui attache,bliss-authored
lien,Rapport entre deux choses,bliss-authored
lieu,Endroit précis,bliss-authored
lieu,Poisson de mer,bliss-authored
démolir,Abattre un bâtiment,bliss-authored
démolir,Mettre à bas,bliss-authored
germer,Commencer à pousser,bliss-authored
germer,Sortir de terre,bliss-authored
désobéir,Braver un ordre,bliss-authored
désobéir,Refuser de se soumettre,bliss-authored
tomate,Fruit rouge du potager,bliss-authored
tomate,Base de la salade,bliss-authored
lux,Unité d'éclairement,bliss-authored
lux,Mesure de lumière,bliss-authored
arrêté,Décision administrative,bliss-authored
arrêté,Immobilisé net,bliss-authored
sabre,Arme blanche courbe,bliss-authored
sabre,Épée de cavalier,bliss-authored
tonal,Relatif à la hauteur du son,bliss-authored
tonal,D'une gamme musicale,bliss-authored
CX,Coefficient de traînée,bliss-authored
CX,Ancienne berline Citroën,bliss-authored
heur,"Chance, fortune",bliss-authored
heur,"Bonne aventure, vieilli",bliss-authored
utérin,Relatif à la matrice,bliss-authored
utérin,Du même sein maternel,bliss-authored
azur,Bleu du ciel,bliss-authored
azur,Couleur céleste,bliss-authored
gluten,Protéine du blé,bliss-authored
gluten,Composant de la farine,bliss-authored
destin,Sort inévitable,bliss-authored
destin,Cours de la vie,bliss-authored
jeter,Lancer au loin,bliss-authored
jeter,Se débarrasser de,bliss-authored
casier,Meuble à cases,bliss-authored
casier,Extrait du dossier judiciaire,bliss-authored
crâne,Boîte osseuse de la tête,bliss-authored
crâne,Le sommet du chef,bliss-authored
planer,Voler sans effort,bliss-authored
planer,Flotter dans l'air,bliss-authored
pause,Arrêt momentané,bliss-authored
pause,Moment de repos,bliss-authored
agent,Employé de bureau,bliss-authored
agent,Représentant de l'ordre,bliss-authored
kg,Mille grammes,bliss-authored
kg,Unité de masse,bliss-authored
gaîté,Bonne humeur,bliss-authored
gaîté,Joie de vivre,bliss-authored
MV,Symbole du mégavolt,bliss-authored
MV,Sigle technique,bliss-authored
tardif,Qui vient trop tard,bliss-authored
tardif,À maturité lente,bliss-authored
appel,Cri pour attirer,bliss-authored
appel,Recours en justice,bliss-authored
intérêt,Somme versée par le prêteur,bliss-authored
intérêt,Ce qui attire l'attention,bliss-authored
must,"Incontournable, anglicisme",bliss-authored
must,À ne pas manquer,bliss-authored
lard,Graisse du porc,bliss-authored
lard,Tranche à frire,bliss-authored
ancien,D'autrefois,bliss-authored
ancien,Qui a exercé avant,bliss-authored
adhérer,Coller à une surface,bliss-authored
adhérer,S'inscrire à un parti,bliss-authored
relever,Remettre debout,bliss-authored
relever,Noter par écrit,bliss-authored
XL,"Quarante, chez les Romains",bliss-authored
XL,Grande taille de vêtement,bliss-authored
crime,Grave délit,bliss-authored
crime,Meurtre puni par la loi,bliss-authored
trac,Peur de l'artiste,bliss-authored
trac,Angoisse avant d'entrer,bliss-authored
yo,"Salut, en argot",bliss-authored
yo,Interjection à la mode,bliss-authored
chas,Trou d'une aiguille,bliss-authored
chas,Ouverture pour le fil,bliss-authored
réussir,Mener à bien,bliss-authored
réussir,Obtenir un bon résultat,bliss-authored
auréole,Cercle des saints,bliss-authored
auréole,Halo lumineux,bliss-authored
poète,Auteur de vers,bliss-authored
poète,Écrivain en rimes,bliss-authored
obtenir,Parvenir à avoir,bliss-authored
obtenir,Recevoir ce qu'on demande,bliss-authored
écrou,Se visse sur un boulon,bliss-authored
écrou,Acte d'incarcération,bliss-authored
énerver,Mettre en colère,bliss-authored
énerver,Agacer fortement,bliss-authored
tronc,Tige de l'arbre,bliss-authored
tronc,Boîte à offrandes,bliss-authored
étroit,Peu large,bliss-authored
étroit,"Serré, exigu",bliss-authored
chef,Personne qui commande,bliss-authored
chef,Cuisinier en titre,bliss-authored
soft,"Doux, mot anglais",bliss-authored
soft,"Modéré, tout en douceur",bliss-authored
dresser,Éduquer un animal,bliss-authored
dresser,Mettre debout,bliss-authored
canine,Dent pointue,bliss-authored
canine,Croc de la mâchoire,bliss-authored
érudit,Très savant,bliss-authored
érudit,Homme de grand savoir,bliss-authored
patin,Chaussure à roulettes,bliss-authored
patin,Semelle glissante,bliss-authored
dessin,Tracé au crayon,bliss-authored
dessin,Œuvre au trait,bliss-authored
trou,Cavité creuse,bliss-authored
trou,Ouverture béante,bliss-authored
sentier,Chemin étroit,bliss-authored
sentier,Petit chemin de randonnée,bliss-authored
respirer,Prendre de l'air,bliss-authored
respirer,Inspirer et expirer,bliss-authored
ovaire,Glande génitale féminine,bliss-authored
ovaire,Organe de la reproduction,bliss-authored
valoir,Avoir tel prix,bliss-authored
valoir,Mériter,bliss-authored
préau,Cour couverte d'école,bliss-authored
préau,Abri de récréation,bliss-authored
déteindre,Perdre sa couleur,bliss-authored
déteindre,"Passer, en parlant du linge",bliss-authored
film,Œuvre de cinéma,bliss-authored
film,Pellicule photo,bliss-authored
ample,Large et spacieux,bliss-authored
ample,Vaste,bliss-authored
sénat,Chambre haute,bliss-authored
sénat,Assemblée parlementaire,bliss-authored
bête,Animal,bliss-authored
bête,Peu intelligent,bliss-authored
after,Fête d'après-soirée (mot anglais),bliss-authored
after,Soirée qui prolonge la nuit (anglicisme),bliss-authored
rude,Dur et rugueux,bliss-authored
rude,"Sévère, pénible",bliss-authored
friser,Boucler les cheveux,bliss-authored
friser,"Effleurer, frôler",bliss-authored
guet,Surveillance attentive,bliss-authored
guet,Action de surveiller,bliss-authored
fisc,Administration des impôts,bliss-authored
fisc,Le percepteur,bliss-authored
renseigner,Donner une information,bliss-authored
renseigner,Informer,bliss-authored
négocier,Discuter un accord,bliss-authored
négocier,Marchander,bliss-authored
échouer,Ne pas réussir,bliss-authored
échouer,"Toucher le fond, pour un navire",bliss-authored
avril,Mois du printemps,bliss-authored
avril,Quatrième mois de l'année,bliss-authored
écrouler,Tomber en ruine,bliss-authored
écrouler,S'effondrer,bliss-authored
pois,Légume rond,bliss-authored
pois,Motif à points,bliss-authored
presser,Comprimer un fruit,bliss-authored
presser,"Hâter, accélérer",bliss-authored
trouver,Découvrir par hasard,bliss-authored
trouver,Dénicher,bliss-authored
épinière,Qualifie la moelle du dos,bliss-authored
épinière,Relative à la colonne vertébrale,bliss-authored
adoré,Aimé passionnément,bliss-authored
adoré,Chéri,bliss-authored
pont,Passage sur un cours d'eau,bliss-authored
pont,Plancher d'un navire,bliss-authored
abîme,Gouffre profond,bliss-authored
abîme,Précipice,bliss-authored
cime,Sommet d'un arbre,bliss-authored
cime,Point culminant,bliss-authored
geôle,Cellule de prison,bliss-authored
geôle,Cachot,bliss-authored
égal,Identique,bliss-authored
égal,"Sans dénivelé, uni",bliss-authored
ciné,Salle de projection (fam.),bliss-authored
ciné,Le septième art (fam.),bliss-authored
post,Message en ligne (anglicisme),bliss-authored
post,Préfixe signifiant après,bliss-authored
port,Abri pour navires,bliss-authored
port,Col de montagne,bliss-authored
pose,Position d'un modèle,bliss-authored
pose,Installation d'un objet,bliss-authored
cran,"Degré, échelon",bliss-authored
cran,"Courage, audace",bliss-authored
jeté,Pas de danse,bliss-authored
jeté,Lancé,bliss-authored
duel,Combat entre deux,bliss-authored
duel,Affrontement singulier,bliss-authored
beauté,Qualité de ce qui plaît,bliss-authored
beauté,"Charme, splendeur",bliss-authored
prêtre,Ministre du culte,bliss-authored
prêtre,Homme d'Église,bliss-authored
éclore,"S'ouvrir, pour une fleur",bliss-authored
éclore,Sortir de l'œuf,bliss-authored
shah,Souverain de Perse,bliss-authored
shah,Roi d'Iran,bliss-authored
réseau,Ensemble connecté,bliss-authored
réseau,Toile de relations,bliss-authored
rotin,Tige pour meubles,bliss-authored
rotin,Fibre de palmier,bliss-authored
ancre,Pièce qui fixe le navire,bliss-authored
ancre,Elle retient le bateau,bliss-authored
nage,Déplacement dans l'eau,bliss-authored
nage,Le crawl ou la brasse,bliss-authored
exilé,Chassé de son pays,bliss-authored
exilé,Banni,bliss-authored
abattre,Faire tomber,bliss-authored
abattre,Tuer un animal,bliss-authored
pinte,Mesure de bière,bliss-authored
pinte,Ancienne mesure de liquide,bliss-authored
ong,Association humanitaire (sigle),bliss-authored
ong,Organisation non gouvernementale,bliss-authored
romano,"Gitan, familièrement",bliss-authored
romano,Nomade (fam.),bliss-authored
ressentir,Éprouver une émotion,bliss-authored
ressentir,Percevoir une sensation,bliss-authored
réparer,Remettre en état,bliss-authored
réparer,Corriger un dommage,bliss-authored
livrer,Apporter à domicile,bliss-authored
livrer,Remettre une marchandise,bliss-authored
démêler,Séparer ce qui est emmêlé,bliss-authored
démêler,Débrouiller,bliss-authored
galet,Caillou poli,bliss-authored
galet,Pierre roulée par l'eau,bliss-authored
naos,Salle du temple grec,bliss-authored
naos,Sanctuaire antique,bliss-authored
entete,Partie supérieure d'un document,bliss-authored
entete,Fronton d'une lettre,bliss-authored
gent,"Espèce, engeance (vieux)",bliss-authored
gent,"Nation, race (mot ancien)",bliss-authored
nocif,Nuisible à la santé,bliss-authored
nocif,Toxique,bliss-authored
peste,Épidémie mortelle,bliss-authored
peste,Personne insupportable,bliss-authored
boue,Terre détrempée,bliss-authored
boue,Gadoue,bliss-authored
cave,Sous-sol de maison,bliss-authored
cave,Local à vins,bliss-authored
média,Moyen de communication,bliss-authored
média,"La presse, la TV",bliss-authored
carne,Viande dure,bliss-authored
carne,Mauvais cheval,bliss-authored
réverbérer,Renvoyer la lumière,bliss-authored
réverbérer,Réfléchir le son,bliss-authored
amasser,Accumuler,bliss-authored
amasser,Entasser,bliss-authored
venin,Poison de serpent,bliss-authored
venin,Substance toxique animale,bliss-authored
génie,Talent exceptionnel,bliss-authored
génie,Esprit d'un conte,bliss-authored
regret,Chagrin d'une perte,bliss-authored
regret,Remords,bliss-authored
deal,Accord (anglicisme),bliss-authored
deal,Marché conclu (mot anglais),bliss-authored
baise,Étreinte charnelle (vulg.),bliss-authored
baise,Acte sexuel (fam.),bliss-authored
prurit,Démangeaison,bliss-authored
prurit,Envie irrépressible,bliss-authored
sueur,Transpiration,bliss-authored
sueur,Eau du front à l'effort,bliss-authored
limiter,Restreindre,bliss-authored
limiter,Fixer une borne,bliss-authored
aurore,Lever du jour,bliss-authored
aurore,Aube,bliss-authored
dérive,Écart de trajectoire,bliss-authored
dérive,Aileron sous un bateau,bliss-authored
variété,Diversité,bliss-authored
variété,Genre de chansons populaires,bliss-authored
messe,Office religieux,bliss-authored
messe,Célébration catholique,bliss-authored
image,Représentation visuelle,bliss-authored
image,Illustration,bliss-authored
région,Division du territoire,bliss-authored
région,Contrée,bliss-authored
broyer,Écraser finement,bliss-authored
broyer,Réduire en poudre,bliss-authored
imago,Insecte adulte,bliss-authored
imago,Stade final de l'insecte,bliss-authored
énigme,Devinette,bliss-authored
énigme,Mystère à résoudre,bliss-authored
sida,Maladie immunitaire (sigle),bliss-authored
sida,Infection due au VIH,bliss-authored
hamac,Lit suspendu,bliss-authored
hamac,Toile pour la sieste,bliss-authored
phare,Tour à signaux lumineux,bliss-authored
phare,Feu de voiture,bliss-authored
numéro,Chiffre d'ordre,bliss-authored
numéro,Spectacle de cirque,bliss-authored
mûrir,Arriver à maturité,bliss-authored
mûrir,Réfléchir longuement,bliss-authored
yak,Bœuf du Tibet,bliss-authored
yak,Ruminant de l'Himalaya,bliss-authored
pièce,Salle d'une maison,bliss-authored
pièce,Œuvre de théâtre,bliss-authored
neutre,Ni acide ni basique,bliss-authored
neutre,Qui ne prend pas parti,bliss-authored
voter,Élire par bulletin,bliss-authored
voter,Se prononcer aux urnes,bliss-authored
croate,Habitant de Zagreb,bliss-authored
croate,Langue slave du sud,bliss-authored
péril,Danger grave,bliss-authored
péril,Risque menaçant,bliss-authored
salut,Marque de bienvenue,bliss-authored
salut,Fait d'être sauvé,bliss-authored
tiers,Troisième personne,bliss-authored
tiers,Partie sur trois,bliss-authored
psg,Club de football parisien,bliss-authored
psg,Champion de foot français,bliss-authored
amincir,Rendre plus mince,bliss-authored
amincir,Réduire l'épaisseur,bliss-authored
estimer,Évaluer approximativement,bliss-authored
estimer,Avoir du respect pour,bliss-authored
manioc,Racine tropicale comestible,bliss-authored
manioc,Plante à tubercule féculent,bliss-authored
saga,Récit épique scandinave,bliss-authored
saga,Longue histoire familiale,bliss-authored
ennemi,Adversaire,bliss-authored
ennemi,Personne hostile,bliss-authored
vaste,Très étendu,bliss-authored
vaste,Immense,bliss-authored
tune,"Argent, en argot",bliss-authored
tune,"Sou, familièrement",bliss-authored
mesurer,Prendre les dimensions,bliss-authored
mesurer,Évaluer une grandeur,bliss-authored
oiseau,Animal à plumes,bliss-authored
oiseau,Volatile,bliss-authored
halo,Cercle lumineux,bliss-authored
halo,Auréole autour de la Lune,bliss-authored
tracer,Dessiner un trait,bliss-authored
tracer,"Filer vite, en argot",bliss-authored
prière,Invocation religieuse,bliss-authored
prière,Demande instante,bliss-authored
pied,Extrémité de la jambe,bliss-authored
pied,Unité de mesure anglaise,bliss-authored
vidéo,Enregistrement d'images,bliss-authored
vidéo,Séquence filmée,bliss-authored
rallier,Regrouper des partisans,bliss-authored
rallier,Rejoindre un camp,bliss-authored
tirage,Nombre d'exemplaires,bliss-authored
tirage,Sélection au sort,bliss-authored
bénin,Sans gravité,bliss-authored
bénin,Peu dangereux,bliss-authored
tailler,Couper une haie,bliss-authored
tailler,Donner une forme,bliss-authored
pairie,Dignité de pair,bliss-authored
pairie,Titre de noblesse,bliss-authored
poire,Fruit à pépins,bliss-authored
poire,"Naïf, en argot",bliss-authored
roux,De couleur fauve,bliss-authored
roux,Mélange de beurre et de farine,bliss-authored
nuancer,Apporter des différences subtiles,bliss-authored
nuancer,Atténuer une opinion,bliss-authored
égard,"Considération, respect",bliss-authored
égard,Attention portée à autrui,bliss-authored
crêpe,Fine galette sucrée,bliss-authored
crêpe,Tissu noir de deuil,bliss-authored
étonner,Surprendre vivement,bliss-authored
étonner,Frapper de stupeur,bliss-authored
ravager,Dévaster,bliss-authored
ravager,Détruire entièrement,bliss-authored
induire,Amener à conclure,bliss-authored
induire,Pousser à une erreur,bliss-authored
briser,Casser en morceaux,bliss-authored
briser,Rompre brutalement,bliss-authored
ensuivre,"Résulter, découler",bliss-authored
ensuivre,Se produire après,bliss-authored
causer,Provoquer,bliss-authored
causer,Bavarder,bliss-authored
tutsi,Peuple du Rwanda,bliss-authored
tutsi,Ethnie d'Afrique centrale,bliss-authored
tenure,Terre concédée au Moyen Âge,bliss-authored
tenure,Mode de possession féodale,bliss-authored
tutti,"Tous ensemble, en musique",bliss-authored
tutti,Passage joué par tout l'orchestre,bliss-authored
zona,Éruption cutanée virale,bliss-authored
zona,"Maladie du nerf, douloureuse",bliss-authored
zone,Secteur délimité,bliss-authored
zone,Aire géographique,bliss-authored
mime,Artiste muet,bliss-authored
mime,Imitation par gestes,bliss-authored
herse,Grille défensive d'un château,bliss-authored
herse,Outil agricole à dents,bliss-authored
vomir,Rejeter par la bouche,bliss-authored
vomir,Rendre son repas,bliss-authored
utile,Qui sert à quelque chose,bliss-authored
utile,Profitable,bliss-authored
palier,Plateforme entre deux étages,bliss-authored
palier,Étape stable,bliss-authored
seing,Signature au bas d'un acte,bliss-authored
seing,Marque manuscrite d'authenticité,bliss-authored
natal,Où l'on est né,bliss-authored
natal,De la naissance,bliss-authored
réprimer,Contenir par la force,bliss-authored
réprimer,Étouffer une révolte,bliss-authored
leader,Chef de file,bliss-authored
leader,"Meneur, en tête",bliss-authored
idiot,Personne stupide,bliss-authored
idiot,Sot,bliss-authored
enfouir,Cacher sous terre,bliss-authored
enfouir,Enterrer,bliss-authored
mite,Petit papillon rongeur,bliss-authored
mite,Insecte qui troue les lainages,bliss-authored
trait,Ligne tracée,bliss-authored
trait,Caractéristique,bliss-authored
itinéraire,Parcours à suivre,bliss-authored
itinéraire,Chemin d'un voyage,bliss-authored
mage,Roi venu d'Orient,bliss-authored
mage,Savant magicien,bliss-authored
abriter,Mettre à couvert,bliss-authored
abriter,Protéger des intempéries,bliss-authored
leste,"Agile, vif",bliss-authored
leste,Preste,bliss-authored
durer,Se prolonger dans le temps,bliss-authored
durer,Persister,bliss-authored
présenter,Faire connaître,bliss-authored
présenter,Exposer au public,bliss-authored
croiser,Faire se rencontrer,bliss-authored
croiser,Passer à côté,bliss-authored
spinal,De la colonne vertébrale,bliss-authored
spinal,Relatif à l'épine dorsale,bliss-authored
trapu,Court et robuste,bliss-authored
trapu,"Massif, râblé",bliss-authored
inégal,Qui n'est pas régulier,bliss-authored
inégal,Différent en valeur,bliss-authored
repli,Recul stratégique,bliss-authored
repli,Pli sur soi-même,bliss-authored
mâle,Du sexe masculin,bliss-authored
mâle,Individu qui féconde,bliss-authored
trans,Préfixe signifiant à travers,bliss-authored
trans,"Au-delà, en préfixe",bliss-authored
créole,Langue née du contact colonial,bliss-authored
créole,Habitant des Antilles,bliss-authored
violer,Enfreindre une loi,bliss-authored
violer,Forcer une entrée,bliss-authored
orgie,Débauche collective,bliss-authored
orgie,Festin excessif,bliss-authored
priver,Ôter la jouissance,bliss-authored
priver,Empêcher de profiter,bliss-authored
base,Fondement,bliss-authored
base,Camp de départ,bliss-authored
brut,Non raffiné,bliss-authored
brut,"Avant déduction, en finance",bliss-authored
attarder,Rester trop longtemps,bliss-authored
attarder,Traîner en chemin,bliss-authored
abréger,Rendre plus court,bliss-authored
abréger,Écourter un texte,bliss-authored
entendre,Percevoir par l'oreille,bliss-authored
entendre,Comprendre,bliss-authored
opium,Drogue tirée du pavot,bliss-authored
opium,Narcotique stupéfiant,bliss-authored
mordre,Serrer avec les dents,bliss-authored
mordre,Entamer avec les crocs,bliss-authored
agha,Officier ottoman,bliss-authored
agha,Chef militaire turc,bliss-authored
causa,Provoqua,bliss-authored
causa,Occasionna jadis,bliss-authored
ricin,Plante à huile purgative,bliss-authored
ricin,Graine très toxique,bliss-authored
teneur,Proportion d'un composant,bliss-authored
teneur,Contenu d'un texte,bliss-authored
avenu,"Arrivé, survenu",bliss-authored
avenu,"Considéré comme nul, en droit",bliss-authored
bac,Diplôme de fin de lycée,bliss-authored
bac,Bateau qui traverse un fleuve,bliss-authored
inouï,Extraordinaire,bliss-authored
inouï,Jamais entendu,bliss-authored
privé,Non public,bliss-authored
privé,"Détective, familièrement",bliss-authored
audit,Contrôle des comptes,bliss-authored
audit,Examen d'une gestion,bliss-authored
tripler,Multiplier par trois,bliss-authored
tripler,Rendre trois fois plus grand,bliss-authored
métier,Profession,bliss-authored
métier,Machine à tisser,bliss-authored
retentir,Résonner fortement,bliss-authored
retentir,Se faire entendre au loin,bliss-authored
chaise,Siège à dossier,bliss-authored
chaise,Meuble pour s'asseoir,bliss-authored
protester,S'élever contre,bliss-authored
protester,Manifester son désaccord,bliss-authored
parade,Défilé militaire,bliss-authored
parade,Riposte en escrime,bliss-authored
bep,Diplôme professionnel,bliss-authored
bep,"Brevet d'études, en abrégé",bliss-authored
signaler,Attirer l'attention sur,bliss-authored
signaler,Faire remarquer,bliss-authored
larve,Insecte au premier stade,bliss-authored
larve,Ver avant métamorphose,bliss-authored
néant,Le rien absolu,bliss-authored
néant,Absence totale,bliss-authored
travée,Portion entre deux piliers,bliss-authored
travée,Rangée de sièges,bliss-authored
accepter,Donner son accord,bliss-authored
accepter,Recevoir volontiers,bliss-authored
archi,Préfixe intensif,bliss-authored
archi,"Extrêmement, en préfixe",bliss-authored
arche,Voûte d'un pont,bliss-authored
arche,Bateau de Noé,bliss-authored
caméra,Appareil de prise de vues,bliss-authored
caméra,Outil du cinéaste,bliss-authored
feutre,Chapeau de laine foulée,bliss-authored
feutre,Stylo à pointe large,bliss-authored
avenue,Large voie urbaine,bliss-authored
avenue,Allée bordée d'arbres,bliss-authored
pénétrer,Entrer dans,bliss-authored
pénétrer,S'enfoncer profondément,bliss-authored
délit,Infraction pénale,bliss-authored
délit,Faute punie par la loi,bliss-authored
apprêt,Enduit de préparation,bliss-authored
apprêt,Assaisonnement d'un plat,bliss-authored
meurtrir,Contusionner,bliss-authored
meurtrir,Blesser par un choc,bliss-authored
drame,Pièce théâtrale grave,bliss-authored
drame,Catastrophe,bliss-authored
émeute,Soulèvement populaire,bliss-authored
émeute,Révolte de foule,bliss-authored
guano,Engrais d'oiseaux marins,bliss-authored
guano,Fiente fertilisante,bliss-authored
corsaire,Marin pirate autorisé,bliss-authored
corsaire,Pantalon aux mollets,bliss-authored
semis,Terrain ensemencé,bliss-authored
semis,Petits motifs répétés,bliss-authored
décri,Discrédit,bliss-authored
décri,Perte de crédit public,bliss-authored
mensuel,Payé au mois,bliss-authored
mensuel,Revue paraissant chaque mois,bliss-authored
tibia,Grand os de la jambe,bliss-authored
tibia,Devant du bas de jambe,bliss-authored
parefeu,Dispositif anti-incendie,bliss-authored
parefeu,Barrière de sécurité réseau,bliss-authored
label,Signe de qualité,bliss-authored
label,Maison de disques,bliss-authored
suif,Graisse animale fondue,bliss-authored
suif,Graisse de bœuf,bliss-authored
grès,Roche sédimentaire,bliss-authored
grès,Poterie cuite,bliss-authored
présager,Annoncer,bliss-authored
présager,Laisser prévoir,bliss-authored
nuque,Arrière du cou,bliss-authored
nuque,Derrière de la tête,bliss-authored
plan,Représentation à plat,bliss-authored
plan,Projet établi,bliss-authored
toucher,Palper du doigt,bliss-authored
toucher,Percevoir une somme,bliss-authored
cotiser,Payer sa part,bliss-authored
cotiser,Verser une contribution,bliss-authored
maman,Mère affectueuse,bliss-authored
maman,Terme enfantin pour la mère,bliss-authored
foie,Organe filtrant,bliss-authored
foie,Glande de la digestion,bliss-authored
foin,Herbe fauchée séchée,bliss-authored
foin,"Tapage, scandale",bliss-authored
améliorer,Rendre meilleur,bliss-authored
améliorer,Perfectionner,bliss-authored
rassurer,Tranquilliser,bliss-authored
rassurer,Ôter la crainte,bliss-authored
étreindre,Serrer dans ses bras,bliss-authored
étreindre,Enlacer,bliss-authored
décès,Mort,bliss-authored
décès,Trépas,bliss-authored
dieu,Être suprême,bliss-authored
dieu,Divinité,bliss-authored
mille,Dix fois cent,bliss-authored
mille,Unité de distance marine,bliss-authored
rance,Beurre gâté,bliss-authored
rance,Au goût de vieille graisse,bliss-authored
intéresser,Éveiller la curiosité,bliss-authored
intéresser,Concerner,bliss-authored
génial,Formidable,bliss-authored
génial,Ingénieux,bliss-authored
verre,Récipient à boire,bliss-authored
verre,Matière transparente,bliss-authored
marais,Terrain marécageux,bliss-authored
marais,Zone d'eau stagnante,bliss-authored
piètre,Médiocre,bliss-authored
piètre,De peu de valeur,bliss-authored
viande,Chair comestible,bliss-authored
viande,Aliment carné,bliss-authored
quête,Recherche assidue,bliss-authored
quête,Collecte à l'église,bliss-authored
velu,Couvert de poils,bliss-authored
velu,Poilu,bliss-authored
place,Espace disponible,bliss-authored
place,Esplanade d'une ville,bliss-authored
aplomb,Assurance effrontée,bliss-authored
aplomb,Verticalité,bliss-authored
store,Rideau de fenêtre,bliss-authored
store,Protection contre le soleil,bliss-authored
chf,Monnaie suisse (code),bliss-authored
chf,Devise helvétique,bliss-authored
trafic,Circulation routière,bliss-authored
trafic,Commerce illicite,bliss-authored
brunir,Foncer une couleur,bliss-authored
brunir,Bronzer la peau,bliss-authored
océan,Vaste étendue d'eau,bliss-authored
océan,Mer immense,bliss-authored
aéronef,Appareil volant,bliss-authored
aéronef,Engin aérien,bliss-authored
cabinet,Salle de consultation,bliss-authored
cabinet,Ensemble des ministres,bliss-authored
smic,Salaire minimum,bliss-authored
smic,Revenu minimal légal,bliss-authored
avouer,Reconnaître,bliss-authored
avouer,Confesser,bliss-authored
zinc,Métal bleuâtre,bliss-authored
zinc,Comptoir de bistrot,bliss-authored
plaie,Blessure ouverte,bliss-authored
plaie,Coupure,bliss-authored
transe,État second,bliss-authored
transe,Extase mystique,bliss-authored
raya,Non-musulman sous l'Empire ottoman,bliss-authored
raya,Il biffa (passé simple),bliss-authored
carcan,Contrainte pesante,bliss-authored
carcan,Collier de fer punitif,bliss-authored
lancer,Jeter avec force,bliss-authored
lancer,Démarrer un produit,bliss-authored
cesse,"Répit, trêve",bliss-authored
cesse,Arrêt momentané,bliss-authored
coca,Arbuste des Andes,bliss-authored
coca,Feuille à mâcher andine,bliss-authored
visage,Figure,bliss-authored
visage,Face humaine,bliss-authored
achever,Terminer,bliss-authored
achever,Mener à sa fin,bliss-authored
coin,Angle,bliss-authored
coin,Endroit retiré,bliss-authored
noix,Fruit du noyer,bliss-authored
noix,Cerneau,bliss-authored
lice,Enclos de tournoi,bliss-authored
lice,Chienne de chasse,bliss-authored
évader,S'enfuir,bliss-authored
évader,S'échapper de prison,bliss-authored
évaporer,Transformer en vapeur,bliss-authored
évaporer,Se volatiliser,bliss-authored
cola,Noix stimulante d'Afrique,bliss-authored
cola,Arbre tropical africain,bliss-authored
orienter,Diriger,bliss-authored
orienter,Indiquer la direction,bliss-authored
heurt,Choc,bliss-authored
heurt,Collision,bliss-authored
assimiler,Absorber,bliss-authored
assimiler,Rendre semblable,bliss-authored
cône,Volume pointu,bliss-authored
cône,Fruit du sapin,bliss-authored
large,Vaste,bliss-authored
large,Haute mer,bliss-authored
aventurer,Risquer,bliss-authored
aventurer,S'exposer au hasard,bliss-authored
ajuster,Adapter précisément,bliss-authored
ajuster,Régler,bliss-authored
nord,Point cardinal,bliss-authored
nord,Direction de la boussole,bliss-authored
macro,Commande automatisée,bliss-authored
macro,Préfixe signifiant grand,bliss-authored
tenace,Obstiné,bliss-authored
tenace,Qui résiste,bliss-authored
tamis,Crible,bliss-authored
tamis,Passoire fine,bliss-authored
ictère,Jaunisse,bliss-authored
ictère,Coloration jaune de la peau,bliss-authored
sabot,Chaussure de bois,bliss-authored
sabot,Corne du cheval,bliss-authored
buée,Vapeur condensée,bliss-authored
buée,Voile sur une vitre,bliss-authored
avion,Appareil volant,bliss-authored
avion,Aéroplane,bliss-authored
doter,Pourvoir,bliss-authored
doter,Munir d'un équipement,bliss-authored
dg,Directeur général (sigle),bliss-authored
dg,Patron d'entreprise,bliss-authored
gnose,Connaissance mystique,bliss-authored
gnose,Doctrine ésotérique,bliss-authored
vérité,Ce qui est exact,bliss-authored
vérité,Réalité indéniable,bliss-authored
emparer,Se saisir,bliss-authored
emparer,Prendre de force,bliss-authored
choisir,Sélectionner,bliss-authored
choisir,Opter pour,bliss-authored
déclarer,Annoncer officiellement,bliss-authored
déclarer,Faire connaître,bliss-authored
peau,Enveloppe du corps,bliss-authored
peau,Épiderme,bliss-authored
gb,Sigle de la Grande-Bretagne,bliss-authored
gb,Gigaoctet en abrégé,bliss-authored
jetée,Digue portuaire,bliss-authored
jetée,Môle,bliss-authored
preux,Chevalier vaillant,bliss-authored
preux,Brave,bliss-authored
merle,Oiseau noir siffleur,bliss-authored
merle,Passereau au bec jaune,bliss-authored
béant,Grand ouvert,bliss-authored
béant,Ouvert largement,bliss-authored
représenter,Symboliser,bliss-authored
représenter,Figurer,bliss-authored
coudre,Assembler au fil,bliss-authored
coudre,Faire des points,bliss-authored
dorsal,Du dos,bliss-authored
dorsal,Relatif à l'échine,bliss-authored
pj,Police judiciaire (sigle),bliss-authored
pj,Pièce jointe d'un courriel,bliss-authored
église,Lieu de culte chrétien,bliss-authored
église,Édifice religieux,bliss-authored
banni,"Exclu, proscrit",bliss-authored
banni,Chassé de son pays,bliss-authored
ressaisir,Reprendre le contrôle de soi,bliss-authored
ressaisir,Retrouver son sang-froid,bliss-authored
enseigner,Transmettre un savoir,bliss-authored
enseigner,Instruire des élèves,bliss-authored
intro,Début d'un morceau,bliss-authored
intro,"Préambule, en bref",bliss-authored
inerte,Sans mouvement,bliss-authored
inerte,"Immobile, sans réaction",bliss-authored
rougir,Devenir écarlate,bliss-authored
rougir,Piquer un fard,bliss-authored
côtier,Du bord de mer,bliss-authored
côtier,Relatif au littoral,bliss-authored
écouter,Prêter l'oreille,bliss-authored
écouter,Tendre l'oreille,bliss-authored
scrutin,Vote électoral,bliss-authored
scrutin,Opération de vote,bliss-authored
lave,Roche volcanique en fusion,bliss-authored
lave,Elle sort du volcan,bliss-authored
aplanir,Rendre plat,bliss-authored
aplanir,Niveler une surface,bliss-authored
XV,Quinze en chiffres romains,bliss-authored
XV,L'équipe de France de rugby,bliss-authored
dessus,Partie supérieure,bliss-authored
dessus,Le contraire de dessous,bliss-authored
entourer,Cerner de tous côtés,bliss-authored
entourer,Mettre autour,bliss-authored
plèbe,Le bas peuple,bliss-authored
plèbe,La populace,bliss-authored
glass,"Verre, en anglais",bliss-authored
glass,"Un verre à boire, familièrement",bliss-authored
obus,Projectile d'artillerie,bliss-authored
obus,Munition de canon,bliss-authored
banal,Sans originalité,bliss-authored
banal,"Ordinaire, commun",bliss-authored
bébé,Nourrisson,bliss-authored
bébé,Tout-petit,bliss-authored
satin,Tissu lustré,bliss-authored
satin,Étoffe brillante et douce,bliss-authored
sport,Activité physique,bliss-authored
sport,Discipline athlétique,bliss-authored
vih,Virus du sida,bliss-authored
vih,"Rétrovirus, en sigle",bliss-authored
abaisser,Faire descendre,bliss-authored
abaisser,"Diminuer, réduire",bliss-authored
surnom,Nom familier,bliss-authored
surnom,Sobriquet,bliss-authored
repère,Point de référence,bliss-authored
repère,Marque pour s'orienter,bliss-authored
outil,Instrument de travail,bliss-authored
outil,Ustensile de bricolage,bliss-authored
pâtis,Terrain de pâture,bliss-authored
pâtis,Lande où paissent les bêtes,bliss-authored
définir,Donner le sens,bliss-authored
définir,Préciser une notion,bliss-authored
fixer,Attacher solidement,bliss-authored
fixer,Regarder intensément,bliss-authored
soit,Marque l'acceptation résignée,bliss-authored
soit,C'est-à-dire,bliss-authored
artisan,Travailleur manuel,bliss-authored
artisan,Homme de métier,bliss-authored
épargner,Mettre de côté,bliss-authored
épargner,Faire grâce à quelqu'un,bliss-authored
trot,Allure du cheval,bliss-authored
trot,Entre le pas et le galop,bliss-authored
attiédir,Rendre moins chaud,bliss-authored
attiédir,Refroidir un peu,bliss-authored
résonner,Retentir avec écho,bliss-authored
résonner,Faire écho,bliss-authored
arrière,"Défenseur, au football",bliss-authored
arrière,Vers le fond,bliss-authored
épanouir,Faire éclore,bliss-authored
épanouir,Rendre radieux,bliss-authored
génois,De la ville de Gênes,bliss-authored
génois,"Grande voile d'avant, en marine",bliss-authored
hôte,Celui qui reçoit,bliss-authored
hôte,Personne invitée,bliss-authored
encas,Repas léger,bliss-authored
encas,Collation improvisée,bliss-authored
nuage,Masse blanche dans le ciel,bliss-authored
nuage,Il annonce la pluie,bliss-authored
bleuir,Prendre une teinte azur,bliss-authored
bleuir,Virer au bleu de froid,bliss-authored
soul,Genre musical afro-américain (mot anglais),bliss-authored
soul,"Rassasié, ivre",bliss-authored
parole,Promesse donnée,bliss-authored
parole,Faculté de s'exprimer,bliss-authored
énumérer,Passer en revue,bliss-authored
énumérer,Citer un à un,bliss-authored
corse,De l'île de Beauté,bliss-authored
corse,Napoléon en était un,bliss-authored
bêta,Deuxième lettre grecque,bliss-authored
bêta,Un peu niais,bliss-authored
fanatiser,Exciter les passions,bliss-authored
fanatiser,Pousser à l'excès,bliss-authored
végéter,Vivre au ralenti,bliss-authored
végéter,Ne pas progresser,bliss-authored
répudier,"Rejeter, renier",bliss-authored
répudier,Chasser son épouse,bliss-authored
cornu,Muni d'appendices pointus,bliss-authored
cornu,Se dit du diable,bliss-authored
latin,Langue de Rome,bliss-authored
latin,Langue morte antique,bliss-authored
patte,Membre d'animal,bliss-authored
patte,"Jambe, familièrement",bliss-authored
mimer,Imiter par gestes,bliss-authored
mimer,Jouer une scène sans parler,bliss-authored
lacet,Cordon de chaussure,bliss-authored
lacet,Virage en épingle,bliss-authored
bêtise,"Sottise, maladresse",bliss-authored
bêtise,Bonbon de Cambrai,bliss-authored
talus,Terrain en pente,bliss-authored
talus,Pente de remblai,bliss-authored
dictée,Exercice d'orthographe,bliss-authored
dictée,On l'écrit sous la voix d'un autre,bliss-authored
fait,Événement réel,bliss-authored
fait,Action accomplie,bliss-authored
louer,Donner en location,bliss-authored
louer,Couvrir d'éloges,bliss-authored
jésus,Le Christ,bliss-authored
jésus,Gros saucisson lyonnais,bliss-authored
palpe,Tâte avec la main,bliss-authored
palpe,Examine au toucher,bliss-authored
veiller,Rester éveillé,bliss-authored
veiller,Prendre soin de quelqu'un,bliss-authored
artériel,Relatif aux vaisseaux du sang,bliss-authored
artériel,La tension l'est,bliss-authored
studio,Petit appartement,bliss-authored
studio,Salle d'enregistrement,bliss-authored
celte,Ancien habitant de la Gaule,bliss-authored
celte,Astérix en est un,bliss-authored
merde,"Excrément, vulgairement",bliss-authored
merde,Souhait de réussite au théâtre,bliss-authored
branle,"Oscillation, mouvement",bliss-authored
branle,Vieille danse populaire,bliss-authored
sauvé,Tiré d'affaire,bliss-authored
sauvé,Hors de danger,bliss-authored
amender,Modifier un texte de loi,bliss-authored
amender,"Corriger, améliorer",bliss-authored
retardé,Arrivé trop tard,bliss-authored
retardé,"Ralenti, différé",bliss-authored
fmi,Fonds monétaire international,bliss-authored
fmi,Institution financière mondiale (sigle),bliss-authored
visée,Objectif poursuivi,bliss-authored
visée,"Intention, dessein",bliss-authored
cinéma,Septième art,bliss-authored
cinéma,Salle obscure,bliss-authored
cornée,Membrane transparente de l'œil,bliss-authored
cornée,Partie antérieure du globe oculaire,bliss-authored
féerie,Spectacle merveilleux,bliss-authored
féerie,Monde enchanté,bliss-authored
fou,"Aliéné, dément",bliss-authored
fou,Pièce du jeu d'échecs,bliss-authored
honte,Sentiment de gêne,bliss-authored
honte,Déshonneur,bliss-authored
replier,Rabattre sur soi,bliss-authored
replier,Battre en retraite,bliss-authored
axial,Qui suit la ligne médiane,bliss-authored
axial,"Central, dans le prolongement",bliss-authored
simuler,"Feindre, faire semblant",bliss-authored
simuler,Imiter artificiellement,bliss-authored
exact,"Juste, précis",bliss-authored
exact,Sans erreur,bliss-authored
alarmer,Inquiéter vivement,bliss-authored
alarmer,Donner l'éveil,bliss-authored
ivoire,Défense d'éléphant,bliss-authored
ivoire,Matière blanche des dents,bliss-authored
libérer,Affranchir d'une entrave,bliss-authored
libérer,Relâcher un prisonnier,bliss-authored
rotor,Partie tournante d'un moteur,bliss-authored
rotor,Hélice d'hélicoptère,bliss-authored
alourdir,Rendre plus pesant,bliss-authored
alourdir,Augmenter le poids,bliss-authored
ananas,Fruit tropical,bliss-authored
ananas,Fruit à écorce épineuse,bliss-authored
cage,Prison à oiseaux,bliss-authored
cage,"But de football, familièrement",bliss-authored
taxer,Frapper d'un impôt,bliss-authored
taxer,Accuser de quelque chose,bliss-authored
revers,Côté opposé à l'endroit,bliss-authored
revers,"Coup de raquette contraire, au tennis",bliss-authored
dune,Colline de sable,bliss-authored
dune,Relief du désert,bliss-authored
trial,Moto tout-terrain,bliss-authored
trial,"Épreuve sur obstacles, à moto",bliss-authored
alfa,Graminée d'Afrique du Nord,bliss-authored
alfa,Le « A » de l'alphabet aviation,bliss-authored
trias,Première période du secondaire,bliss-authored
trias,Époque géologique ancienne,bliss-authored
levier,Barre pour soulever,bliss-authored
levier,Bras de commande,bliss-authored
algo,Suite d'instructions (abrév.),bliss-authored
algo,"Méthode de calcul, familièrement",bliss-authored
acidité,Saveur piquante,bliss-authored
acidité,Taux de pH faible,bliss-authored
glapir,"Crier, pour le renard",bliss-authored
glapir,Pousser des cris aigus,bliss-authored
saison,Quart de l'année,bliss-authored
saison,Période climatique,bliss-authored
môme,"Enfant, familièrement",bliss-authored
môme,Gamin,bliss-authored
ovale,Forme allongée arrondie,bliss-authored
ovale,"Ballon de rugby, par sa forme",bliss-authored
livret,Petit carnet,bliss-authored
livret,Paroles d'un opéra,bliss-authored
tierce,Intervalle musical,bliss-authored
tierce,"Troisième, au féminin",bliss-authored
signer,Apposer son paraphe,bliss-authored
signer,Parapher un document,bliss-authored
détruire,Anéantir,bliss-authored
détruire,Réduire à néant,bliss-authored
ascèse,Discipline spirituelle,bliss-authored
ascèse,Privation volontaire,bliss-authored
gens,Personnes,bliss-authored
gens,Foule d'individus,bliss-authored
moisi,Couvert de champignons,bliss-authored
moisi,Gâté par l'humidité,bliss-authored
degré,Unité de température,bliss-authored
degré,"Échelon, niveau",bliss-authored
aplatir,Rendre plat,bliss-authored
aplatir,Écraser,bliss-authored
bore,Élément chimique B,bliss-authored
bore,Métalloïde numéro 5,bliss-authored
écurie,Logis des chevaux,bliss-authored
écurie,Team en sport auto,bliss-authored
héron,Échassier au long bec,bliss-authored
héron,Oiseau des marais,bliss-authored
usurper,S'emparer illégalement,bliss-authored
usurper,Ravir un titre,bliss-authored
approprier,Rendre convenable,bliss-authored
approprier,Faire sien,bliss-authored
culée,Appui de pont,bliss-authored
culée,Massif d'ancrage d'un pont,bliss-authored
virée,"Balade, sortie",bliss-authored
virée,Excursion rapide,bliss-authored
rouage,Pièce d'un mécanisme,bliss-authored
rouage,Élément d'engrenage,bliss-authored
renouveler,Rendre neuf,bliss-authored
renouveler,Recommencer,bliss-authored
ruisseler,Couler en filets,bliss-authored
ruisseler,Dégouliner,bliss-authored
purger,"Vider, nettoyer",bliss-authored
purger,Subir une peine,bliss-authored
norme,Règle établie,bliss-authored
norme,Standard à respecter,bliss-authored
avertir,Prévenir d'un danger,bliss-authored
avertir,Mettre en garde,bliss-authored
empire,Vaste État,bliss-authored
empire,Domination absolue,bliss-authored
déci,Préfixe pour un dixième,bliss-authored
déci,Dixième d'une unité,bliss-authored
ordre,Commandement,bliss-authored
ordre,"Rangement, discipline",bliss-authored
frais,Un peu froid,bliss-authored
frais,"Dépenses, coûts",bliss-authored
emmener,Conduire avec soi,bliss-authored
emmener,Entraîner quelque part,bliss-authored
apôtre,Disciple du Christ,bliss-authored
apôtre,Propagateur d'une idée,bliss-authored
crever,Éclater,bliss-authored
crever,Percer un pneu,bliss-authored
salle,Pièce d'un bâtiment,bliss-authored
salle,Local de réunion,bliss-authored
tante,Sœur du père,bliss-authored
tante,Femme de l'oncle,bliss-authored
déverser,Vider un liquide,bliss-authored
déverser,Répandre en masse,bliss-authored
parure,Ensemble de bijoux,bliss-authored
parure,"Ornement, atours",bliss-authored
genou,Articulation de la jambe,bliss-authored
genou,Milieu du membre inférieur,bliss-authored
lune,Satellite de la Terre,bliss-authored
lune,Astre des nuits,bliss-authored
panier,Corbeille d'osier,bliss-authored
panier,But au basket,bliss-authored
réalité,Le monde concret,bliss-authored
réalité,Ce qui existe vraiment,bliss-authored
égide,"Protection, patronage",bliss-authored
égide,Bouclier de Zeus,bliss-authored
drôle,Amusant,bliss-authored
drôle,"Bizarre, étrange",bliss-authored
accentuer,"Renforcer, souligner",bliss-authored
accentuer,Marquer davantage,bliss-authored
giron,Creux des genoux assis,bliss-authored
giron,Sein d'une famille,bliss-authored
soupe,Potage,bliss-authored
soupe,Bouillon de légumes,bliss-authored
prédire,Annoncer l'avenir,bliss-authored
prédire,Prophétiser,bliss-authored
sourd,Qui n'entend pas,bliss-authored
sourd,Bruit étouffé,bliss-authored
soirée,Fin de journée,bliss-authored
soirée,Réception nocturne,bliss-authored
pmu,Paris hippiques (sigle),bliss-authored
pmu,"Turf, jeux de courses",bliss-authored
admirer,Contempler avec ravissement,bliss-authored
admirer,Trouver merveilleux,bliss-authored
remédier,Porter secours à,bliss-authored
remédier,Apporter une solution,bliss-authored
dent,Organe de la mâchoire,bliss-authored
dent,Pointe d'une scie,bliss-authored
femme,Être humain féminin,bliss-authored
femme,Épouse,bliss-authored
séduire,"Charmer, plaire",bliss-authored
séduire,Attirer irrésistiblement,bliss-authored
rebâtir,Reconstruire,bliss-authored
rebâtir,Relever des ruines,bliss-authored
joue,Côté du visage,bliss-authored
joue,Partie de la figure,bliss-authored
dérober,Voler,bliss-authored
dérober,Soustraire furtivement,bliss-authored
boîte,Récipient à couvercle,bliss-authored
boîte,"Entreprise, familièrement",bliss-authored
sitin,Manifestation assise (mot anglais),bliss-authored
sitin,Occupation immobile de protestation,bliss-authored
rendu,Restitué,bliss-authored
rendu,Arrivé à destination,bliss-authored
routier,Chauffeur de camion,bliss-authored
routier,Relatif aux routes,bliss-authored
haranguer,Discourir avec véhémence,bliss-authored
haranguer,Adresser un long discours,bliss-authored
alarme,Signal de danger,bliss-authored
alarme,Vive inquiétude,bliss-authored
zeus,Roi des dieux grecs,bliss-authored
zeus,Maître de l'Olympe,bliss-authored
flan,Crème renversée,bliss-authored
flan,Entremets aux œufs,bliss-authored
rôde,Erre autour,bliss-authored
rôde,Va et vient en guettant,bliss-authored
ratifier,Approuver officiellement,bliss-authored
ratifier,Confirmer un traité,bliss-authored
azote,Gaz de l'air (N),bliss-authored
azote,Élément numéro 7,bliss-authored
perle,Joyau de l'huître,bliss-authored
perle,Bille de collier,bliss-authored
austère,"Sévère, rigoureux",bliss-authored
austère,Sans ornement,bliss-authored
encens,Résine odorante,bliss-authored
encens,Parfum d'église,bliss-authored
extra,"Excellent, superbe",bliss-authored
extra,Personnel d'appoint,bliss-authored
régénérer,Redonner vie,bliss-authored
régénérer,Renouveler les tissus,bliss-authored
hall,Grand vestibule,bliss-authored
hall,Salle d'accueil,bliss-authored
aigre,Acide au goût,bliss-authored
aigre,Ton acerbe,bliss-authored
comte,Titre de noblesse,bliss-authored
comte,Rang nobiliaire ancien,bliss-authored
pieu,Poteau enfoncé,bliss-authored
pieu,"Lit, familièrement",bliss-authored
rôle,Personnage joué,bliss-authored
rôle,"Fonction, mission",bliss-authored
colorer,Donner une teinte,bliss-authored
colorer,Mettre en couleur,bliss-authored
tolérer,"Supporter, admettre",bliss-authored
tolérer,Laisser faire,bliss-authored
jouer,S'amuser,bliss-authored
jouer,Interpréter un rôle,bliss-authored
nature,Le monde vivant,bliss-authored
nature,"Caractère, tempérament",bliss-authored
exclu,Mis à l'écart,bliss-authored
exclu,Rejeté d'un groupe,bliss-authored
amande,Fruit à coque verte,bliss-authored
amande,"Graine du noyau, oléagineuse",bliss-authored
déduire,Conclure logiquement,bliss-authored
déduire,Soustraire d'un total,bliss-authored
édifier,Construire,bliss-authored
édifier,Instruire moralement,bliss-authored
hâte,Empressement,bliss-authored
hâte,Grande précipitation,bliss-authored
crève,"Grosse fatigue, familièrement",bliss-authored
crève,Éclate sous la pression,bliss-authored
dièse,Signe musical,bliss-authored
dièse,Altération élevant d'un demi-ton,bliss-authored
essuyer,Sécher en frottant,bliss-authored
essuyer,Subir un revers,bliss-authored
social,Relatif à la société,bliss-authored
social,Qui concerne le bien commun,bliss-authored
pipe,Objet du fumeur,bliss-authored
pipe,Bouffarde,bliss-authored
avorter,"Échouer, ne pas aboutir",bliss-authored
avorter,Interrompre une grossesse,bliss-authored
atout,Carte maîtresse,bliss-authored
atout,Avantage sérieux,bliss-authored
classer,Ranger par ordre,bliss-authored
classer,Mettre en catégorie,bliss-authored
savane,Plaine d'Afrique,bliss-authored
savane,Prairie tropicale,bliss-authored
ange,Messager céleste,bliss-authored
ange,Être aux ailes blanches,bliss-authored
enfer,Séjour des damnés,bliss-authored
enfer,Royaume du diable,bliss-authored
crème,Dessus du lait,bliss-authored
crème,Le meilleur du meilleur,bliss-authored
docu,Film sur le réel,bliss-authored
docu,Reportage abrégé,bliss-authored
éveil,Sortie du sommeil,bliss-authored
éveil,Prise de conscience,bliss-authored
firme,Grande entreprise,bliss-authored
firme,Société commerciale,bliss-authored
terreur,Grande frayeur,bliss-authored
terreur,Épouvante,bliss-authored
remise,Rabais sur un prix,bliss-authored
remise,Local à outils,bliss-authored
gerbe,Botte de blé,bliss-authored
gerbe,Bouquet de fleurs,bliss-authored
derme,Couche profonde de la peau,bliss-authored
derme,Tissu vivant de la peau,bliss-authored
atome,Particule élémentaire,bliss-authored
atome,Plus petit élément,bliss-authored
theta,Lettre grecque,bliss-authored
theta,Huitième de l'alphabet grec,bliss-authored
clef,Ouvre la serrure,bliss-authored
clef,Solution d'une énigme,bliss-authored
marcher,Aller à pied,bliss-authored
marcher,"Fonctionner, pour un appareil",bliss-authored
mica,Minéral brillant,bliss-authored
mica,Roche feuilletée,bliss-authored
piller,Mettre à sac,bliss-authored
piller,Dévaliser,bliss-authored
clip,Court film musical,bliss-authored
clip,Bijou qui se pince,bliss-authored
ethnie,Groupe humain,bliss-authored
ethnie,Communauté de culture,bliss-authored
hêtre,Arbre des forêts,bliss-authored
hêtre,Bois clair et dur,bliss-authored
anus,Orifice du tube digestif,bliss-authored
anus,Fin de l'intestin,bliss-authored
baril,Tonneau de pétrole,bliss-authored
baril,Unité pour le brut,bliss-authored
rivage,Bord de mer,bliss-authored
rivage,Ligne du littoral,bliss-authored
promouvoir,Faire avancer en grade,bliss-authored
promouvoir,Mettre en avant,bliss-authored
aspect,"Air, apparence",bliss-authored
aspect,Point de vue,bliss-authored
ignorer,Ne pas savoir,bliss-authored
ignorer,Faire mine de ne pas voir,bliss-authored
indu,Non dû,bliss-authored
indu,Injustifié,bliss-authored
yuan,Monnaie chinoise,bliss-authored
yuan,Devise de Pékin,bliss-authored
utiliser,Se servir de,bliss-authored
utiliser,Faire usage de,bliss-authored
acoup,Secousse brutale,bliss-authored
acoup,Mouvement saccadé,bliss-authored
infini,Sans limite,bliss-authored
infini,Immense,bliss-authored
ivg,Avortement volontaire,bliss-authored
ivg,Sigle de gynécologie,bliss-authored
regarnir,Remplir de nouveau,bliss-authored
regarnir,Fournir à nouveau,bliss-authored
enclin,Porté à,bliss-authored
enclin,Disposé à,bliss-authored
brio,"Éclat, virtuosité",bliss-authored
brio,Vivacité talentueuse,bliss-authored
ménager,Traiter avec égard,bliss-authored
ménager,Économiser ses forces,bliss-authored
roman,Long récit de fiction,bliss-authored
roman,Style d'église médiévale,bliss-authored
règne,Durée d'un roi,bliss-authored
règne,Domination absolue,bliss-authored
entériner,Valider officiellement,bliss-authored
entériner,Confirmer un accord,bliss-authored
bain,Trempette dans l'eau,bliss-authored
bain,Immersion complète,bliss-authored
round,Reprise de boxe,bliss-authored
round,Manche d'un combat,bliss-authored
sérieux,Peu porté à rire,bliss-authored
sérieux,Digne de confiance,bliss-authored
mardi,Jour de la semaine,bliss-authored
mardi,Avant le mercredi,bliss-authored
phrase,Suite de mots,bliss-authored
phrase,Unité de la grammaire,bliss-authored
banc,Siège de jardin,bliss-authored
banc,Groupe de poissons,bliss-authored
fouler,Presser du pied,bliss-authored
fouler,Tordre sa cheville,bliss-authored
curé,Prêtre de paroisse,bliss-authored
curé,Homme d'Église,bliss-authored
radar,Détecteur de vitesse,bliss-authored
radar,Œil du gendarme,bliss-authored
laiton,Alliage de cuivre,bliss-authored
laiton,Cuivre jaune,bliss-authored
athée,Sans dieu,bliss-authored
athée,Qui nie Dieu,bliss-authored
percée,Ouverture dans un front,bliss-authored
percée,Avancée soudaine,bliss-authored
fumer,Aspirer du tabac,bliss-authored
fumer,Dégager des volutes,bliss-authored
oncle,Frère du père,bliss-authored
oncle,Mari de la tante,bliss-authored
soucier,Se préoccuper,bliss-authored
soucier,Se tourmenter pour,bliss-authored
élargir,Rendre plus large,bliss-authored
élargir,Libérer un prisonnier,bliss-authored
mûrier,Arbre nourrissant le ver à soie,bliss-authored
mûrier,Arbre fruitier à baies noires,bliss-authored
aliter,Contraindre au lit,bliss-authored
aliter,Garder couché,bliss-authored
rompu,Cassé net,bliss-authored
rompu,Très fatigué,bliss-authored
math,Science des nombres,bliss-authored
math,Matière de calcul,bliss-authored
losc,Club de football du Nord,bliss-authored
losc,Les Dogues,bliss-authored
trouée,Ouverture dans une haie,bliss-authored
trouée,Passage dégagé,bliss-authored
loup,Prédateur des forêts,bliss-authored
loup,Cousin du chien,bliss-authored
offrir,Faire cadeau,bliss-authored
offrir,Proposer,bliss-authored
archet,Baguette du violoniste,bliss-authored
archet,Tige à crins,bliss-authored
siècle,Cent ans,bliss-authored
siècle,Longue époque,bliss-authored
demeurer,Rester en place,bliss-authored
demeurer,Habiter un lieu,bliss-authored
médiastinal,De la région entre les poumons,bliss-authored
médiastinal,Adjectif d'anatomie thoracique,bliss-authored
guerre,Conflit armé,bliss-authored
guerre,Contraire de paix,bliss-authored
hardi,Audacieux,bliss-authored
hardi,Sans peur,bliss-authored
lèvre,Bord de la bouche,bliss-authored
lèvre,Elle peut être charnue,bliss-authored
écueil,Rocher sous l'eau,bliss-authored
écueil,Obstacle imprévu,bliss-authored
carnassier,Mangeur de viande,bliss-authored
carnassier,Animal prédateur,bliss-authored
clarté,Lumière vive,bliss-authored
clarté,Netteté d'un propos,bliss-authored
malle,Grand coffre de voyage,bliss-authored
malle,Bagage rigide,bliss-authored
stationner,Garer un véhicule,bliss-authored
stationner,Rester à l'arrêt,bliss-authored
action,Titre de bourse,bliss-authored
action,Fait d'agir,bliss-authored
flûte,Instrument à vent,bliss-authored
flûte,Pain long et fin,bliss-authored
faute,Erreur commise,bliss-authored
faute,Manquement aux règles,bliss-authored
réacteur,Moteur d'avion,bliss-authored
réacteur,Cœur d'une centrale,bliss-authored
fureur,Colère violente,bliss-authored
fureur,Grand engouement,bliss-authored
envisager,Prendre en compte,bliss-authored
envisager,Songer à faire,bliss-authored
espion,Agent secret,bliss-authored
espion,Voleur de secrets,bliss-authored
quitter,S'en aller de,bliss-authored
quitter,Abandonner un lieu,bliss-authored
prospecter,Chercher des clients,bliss-authored
prospecter,Explorer un sol,bliss-authored
statuer,Rendre un jugement,bliss-authored
statuer,Décider en justice,bliss-authored
centraliser,Réunir en un seul lieu,bliss-authored
centraliser,Regrouper les pouvoirs,bliss-authored
avoué,Officier de justice,bliss-authored
avoué,Reconnu ouvertement,bliss-authored
accélérer,Aller plus vite,bliss-authored
accélérer,Presser le mouvement,bliss-authored
paramédical,Auxiliaire de la santé,bliss-authored
paramédical,Autour de la médecine,bliss-authored
idéaliser,Rendre parfait,bliss-authored
idéaliser,Embellir à l'excès,bliss-authored
topo,Bref exposé,bliss-authored
topo,Petit laïus,bliss-authored
filet,Morceau de viande,bliss-authored
filet,Piège du pêcheur,bliss-authored
détester,Ne pas supporter,bliss-authored
détester,Avoir en horreur,bliss-authored
filer,Aller très vite,bliss-authored
filer,Transformer en fil,bliss-authored
frisson,Tremblement de froid,bliss-authored
frisson,Sensation de peur,bliss-authored
espace,Étendue vide,bliss-authored
espace,Cosmos,bliss-authored
arpent,Ancienne mesure agraire,bliss-authored
arpent,Surface de champ,bliss-authored
tarir,Cesser de couler,bliss-authored
tarir,S'assécher,bliss-authored
émettre,Diffuser un signal,bliss-authored
émettre,Produire des sons,bliss-authored
poser,Placer quelque part,bliss-authored
poser,Installer à un endroit,bliss-authored
para,Militaire aéroporté,bliss-authored
para,Combattant sauté d'avion,bliss-authored
lame,Fer tranchant,bliss-authored
lame,Ondulation marine,bliss-authored
ivre,Sous l'effet de l'alcool,bliss-authored
ivre,En état d'ébriété,bliss-authored
férir,"Frapper, jadis",bliss-authored
férir,"Porter un coup, au sens ancien",bliss-authored
merci,Formule de gratitude,bliss-authored
merci,"Bonté, pitié d'antan",bliss-authored
orga,"Structure, en abrégé",bliss-authored
orga,"Groupement, familièrement",bliss-authored
pendre,Accrocher en hauteur,bliss-authored
pendre,Laisser tomber vers le bas,bliss-authored
dériver,Flotter au gré du courant,bliss-authored
dériver,Découler logiquement,bliss-authored
euro,Monnaie à douze étoiles,bliss-authored
euro,Devise de la BCE,bliss-authored
tech,Relatif à l'informatique de pointe,bliss-authored
tech,"Secteur numérique, familièrement",bliss-authored
cent,Dix fois dix,bliss-authored
cent,Pièce d'un sou,bliss-authored
plain,"Uni, sans relief, jadis",bliss-authored
plain,"Égal et plat, au sens ancien",bliss-authored
porter,Tenir dans ses bras,bliss-authored
porter,Avoir sur soi,bliss-authored
reposer,Délasser,bliss-authored
reposer,Être inhumé,bliss-authored
renouer,Reprendre contact,bliss-authored
renouer,Rattacher les liens,bliss-authored
reprendre,Recommencer,bliss-authored
reprendre,Corriger quelqu'un,bliss-authored
élancer,Bondir en avant,bliss-authored
élancer,Causer une douleur vive,bliss-authored
emplir,Rendre plein,bliss-authored
emplir,Occuper tout l'espace,bliss-authored
déposer,Laisser en garde,bliss-authored
déposer,Renverser du pouvoir,bliss-authored
trad,"Folklorique, en bref",bliss-authored
trad,"Musique du terroir, familièrement",bliss-authored
couler,Sombrer dans l'eau,bliss-authored
couler,"Se déplacer, pour un fluide",bliss-authored
sono,"Système de son, familièrement",bliss-authored
sono,Matériel de diffusion audio,bliss-authored
expo,"Salon, familièrement",bliss-authored
expo,"Présentation d'œuvres, en bref",bliss-authored
colon,Pionnier d'un territoire,bliss-authored
colon,Gros intestin,bliss-authored
ressortir,Se détacher nettement,bliss-authored
ressortir,Relever d'une compétence,bliss-authored
prince,Fils de roi,bliss-authored
prince,Altesse royale,bliss-authored
clic,Pression sur la souris,bliss-authored
clic,Bruit sec et bref,bliss-authored
